RecordNumber,YR,SchoolCode,DistrictCode,Site,SeniorGradRate,DropOutRate,AvgSeniorGPA,CTSeniorsOSTP,CarTechCompletion,AvgACTScore,ComplColgCourses,OutOfStateCollege,InStateCollege,CollegeFreshRemed,GPAAbove2,NatlACTaverage,SDEgroup
6444,2016,01I004705,01I004,WATTS HIGH SCHOOL,0.96,0.12,2.57,0.60,,18.07,0.80,0.04,,,,,
6445,2016,01I011705,01I011,WESTVILLE HIGH SCHOOL,1.00,0.06,2.95,0.31,,19.00,0.82,0.04,,,,,
6446,2016,01I025705,01I025,STILWELL HIGH SCHOOL,0.99,0.07,3.11,0.43,,16.64,0.88,0.01,,,,,
6447,2016,01I030705,01I030,CAVE SPRINGS HIGH SCHOOL,0.96,0.19,2.84,0.96,,16.57,1.00,0.00,,,,,
6448,2016,02I001705,02I001,BURLINGTON HIGH SCHOOL,1.00,0.00,3.81,0.78,,23.00,0.00,0.00,,,,,
6449,2016,02I046705,02I046,CHEROKEE HIGH SCHOOL,1.00,0.00,3.60,0.61,,19.41,0.97,0.00,,,,,
6450,2016,02I093705,02I093,TIMBERLAKE HIGH SCHOOL,1.00,0.00,3.24,0.76,,19.05,0.96,0.00,,,,,
6451,2016,03I007705,03I007,STRINGTOWN HIGH SCHOOL,1.00,0.00,3.20,0.36,,17.13,0.91,0.00,,,,,
6452,2016,03I015705,03I015,ATOKA HIGH SCHOOL,0.93,0.14,3.00,0.74,,18.33,0.69,0.03,,,,,
6453,2016,03I019705,03I019,TUSHKA HIGH SCHOOL,1.00,0.00,3.35,0.50,,22.03,1.00,0.00,,,,,
6454,2016,03I026705,03I026,CANEY HIGH SCHOOL,0.95,0.09,3.23,0.96,,17.32,1.00,0.00,,,,,
6455,2016,04I022705,04I022,BEAVER HIGH SCHOOL,1.00,0.00,3.07,0.30,,20.11,0.95,0.09,,,,,
6456,2016,04I075705,04I075,BALKO HIGH SCHOOL,1.00,0.00,3.80,0.56,,19.11,1.00,0.63,,,,,
6457,2016,04I123705,04I123,FORGAN HIGH SCHOOL,1.00,0.00,3.35,0.00,,21.00,1.00,0.50,,,,,
6458,2016,04I128705,04I128,TURPIN HIGH SCHOOL,0.92,0.12,3.37,0.00,,18.38,1.00,0.35,,,,,
6459,2016,05I002705,05I002,MERRITT HIGH SCHOOL,1.00,0.00,2.80,0.71,,19.61,0.61,0.00,,,,,
6460,2016,05I006705,05I006,ELK CITY HIGH SCHOOL,0.98,0.09,3.53,0.62,,19.78,0.87,0.04,,,,,
6461,2016,05I031705,05I031,SAYRE HIGH SCHOOL,0.98,0.11,3.17,0.62,,20.82,0.73,0.05,,,,,
6462,2016,05I051715,05I051,ERICK HIGH SCHOOL,1.00,0.07,2.85,0.33,,18.14,0.50,0.07,,,,,
6463,2016,06I009715,06I009,OKEENE SR HIGH SCHOOL,1.00,0.00,3.32,0.72,,21.81,0.25,0.00,,,,,
6464,2016,06I042705,06I042,WATONGA HIGH SCHOOL,1.00,0.12,3.16,0.90,,20.24,0.90,0.03,,,,,
6465,2016,06I080715,06I080,GEARY HIGH SCHOOL,0.94,0.06,2.74,0.78,,15.64,0.94,0.00,,,,,
6466,2016,06I105705,06I105,CANTON HIGH SCHOOL,0.97,0.12,3.20,1.03,,19.58,0.70,0.03,,,,,
6467,2016,07I001705,07I001,SILO HIGH SCHOOL,0.93,0.07,3.09,0.52,,19.00,0.98,0.00,,,,,
6468,2016,07I002705,07I002,ROCK CREEK HIGH SCHOOL,0.92,0.08,3.16,0.84,,18.44,0.71,0.08,,,,,
6469,2016,07I003705,07I003,ACHILLE HIGH SCHOOL,1.00,0.09,3.20,0.77,,19.25,0.85,0.05,,,,,
6470,2016,07I004715,07I004,COLBERT HIGH SCHOOL,1.00,0.00,3.00,0.82,,21.32,0.93,0.07,,,,,
6471,2016,07I005715,07I005,CADDO HIGH SCHOOL,1.00,0.00,3.13,0.73,,19.53,0.87,0.00,,,,,
6472,2016,07I040705,07I040,BENNINGTON HIGH SCHOOL,1.00,0.06,3.25,0.65,,20.00,0.81,0.06,,,,,
6473,2016,07I048705,07I048,CALERA HIGH SCHOOL,0.98,0.02,3.15,0.80,,19.28,0.88,0.05,,,,,
6474,2016,07I072705,07I072,DURANT HIGH SCHOOL,0.98,0.10,3.02,0.72,,22.49,0.93,0.05,,,,,
6475,2016,08I011715,08I011,HYDRO-EAKLY HIGH SCHOOL,1.00,0.03,3.22,0.50,,21.50,0.75,0.06,,,,,
6476,2016,08I012705,08I012,LOOKEBA-SICKLES HIGH SCHOOL,1.00,0.00,3.55,0.67,,18.19,1.00,0.05,,,,,
6477,2016,08I020705,08I020,ANADARKO HIGH SCHOOL,0.97,0.10,3.20,0.31,,18.31,0.64,0.03,,,,,
6478,2016,08I033705,08I033,CARNEGIE HIGH SCHOOL,1.00,0.03,3.09,0.45,,18.56,0.97,0.00,,,,,
6479,2016,08I056705,08I056,APACHE HIGH SCHOOL,0.92,0.08,2.80,0.86,,19.25,0.89,0.06,,,,,
6480,2016,08I064715,08I064,CYRIL HIGH SCHOOL,1.00,0.05,2.95,1.00,,18.85,0.80,0.00,,,,,
6481,2016,08I086705,08I086,GRACEMONT HIGH SCHOOL,1.00,0.00,2.98,0.38,,**,0.00,0.00,,,,,
6482,2016,08I160715,08I160,CEMENT HIGH SCHOOL,1.00,0.00,3.25,0.95,,16.06,0.09,0.00,,,,,
6483,2016,08I161705,08I161,HINTON HIGH SCHOOL,1.00,0.02,3.14,0.59,,20.81,1.00,0.05,,,,,
6484,2016,08I167705,08I167,FORT COBB-BROXTON HIGH SCHOOL,1.00,0.00,3.25,0.96,,20.45,0.70,0.00,,,,,
6485,2016,08I168705,08I168,BINGER-ONEY HIGH SCHOOL,1.00,0.00,3.31,0.84,,19.61,1.00,0.00,,,,,
6486,2016,09I022705,09I022,PIEDMONT HIGH SCHOOL,1.00,0.00,3.42,0.28,,22.38,0.09,0.07,,,,,
6487,2016,09I027705,09I027,YUKON HIGH SCHOOL,0.98,0.06,3.10,0.49,,22.25,0.83,0.01,,,,,
6488,2016,09I034705,09I034,EL RENO HIGH SCHOOL,1.00,0.00,2.75,0.61,,19.93,0.72,0.04,,,,,
6489,2016,09I057705,09I057,UNION CITY HIGH SCHOOL,1.00,0.00,3.13,0.48,,20.05,1.00,0.00,,,,,
6490,2016,09I069705,09I069,MUSTANG HIGH SCHOOL,1.00,0.06,3.08,0.42,,21.87,0.83,0.09,,,,,
6491,2016,09I076705,09I076,CALUMET HIGH SCHOOL,1.00,0.00,3.39,0.72,,19.86,1.00,0.06,,,,,
6492,2016,10I019705,10I019,ARDMORE HIGH SCHOOL,0.97,0.13,2.95,0.38,,17.24,0.76,0.02,,,,,
6493,2016,10I021705,10I021,SPRINGER HIGH SCHOOL,1.00,0.14,2.87,0.75,,19.60,0.42,0.00,,,,,
6494,2016,10I027705,10I027,PLAINVIEW HIGH SCHOOL,0.99,0.01,3.31,0.41,,22.13,0.89,0.04,,,,,
6495,2016,10I032705,10I032,LONE GROVE HIGH SCHOOL,1.00,0.03,2.96,0.41,,20.95,0.70,0.03,,,,,
6496,2016,10I043705,10I043,WILSON HIGH SCHOOL,0.97,0.03,2.74,0.40,,19.14,0.42,0.00,,,,,
6497,2016,10I055705,10I055,HEALDTON HIGH SCHOOL,1.00,0.00,2.90,0.40,,19.49,0.69,0.00,,,,,
6498,2016,10I074705,10I074,FOX HIGH SCHOOL,1.00,0.00,3.15,1.04,,18.60,0.83,0.00,,,,,
6499,2016,10I077705,10I077,DICKSON HIGH SCHOOL,0.99,0.02,3.10,0.56,,19.53,0.87,0.00,,,,,
6500,2016,11I006705,11I006,KEYS HIGH SCHOOL,0.95,0.05,3.22,0.69,,20.80,0.66,0.03,,,,,
6501,2016,11I016715,11I016,HULBERT SR HIGH SCHOOL,1.00,0.07,3.23,0.58,,18.94,0.76,0.00,,,,,
6502,2016,11I035705,11I035,TAHLEQUAH HIGH SCHOOL,0.98,0.09,3.01,0.37,,20.94,0.60,0.07,,,,,
6503,2016,12I001715,12I001,BOSWELL HIGH SCHOOL,1.00,0.04,3.34,1.04,,17.78,0.88,0.00,,,,,
6504,2016,12I002705,12I002,FORT TOWSON HIGH SCHOOL,1.00,0.00,3.20,0.91,,18.17,0.00,0.00,,,,,
6505,2016,12I004705,12I004,SOPER HIGH SCHOOL,1.00,0.00,3.60,1.00,,18.91,0.93,0.07,,,,,
6506,2016,12I039705,12I039,HUGO HIGH SCHOOL,0.95,0.05,3.52,0.36,,18.06,0.92,0.03,,,,,
6507,2016,13I002705,13I002,BOISE CITY HIGH SCHOOL,1.00,0.00,2.90,0.64,,18.82,0.86,0.36,,,,,
6508,2016,13I010705,13I010,FELT HIGH SCHOOL,1.00,0.00,3.90,0.00,,24.25,1.00,0.00,,,,,
6509,2016,13I011705,13I011,KEYES HIGH SCHOOL,1.00,0.00,**,0.00,,17.57,0.80,0.40,,,,,
6510,2016,14I002705,14I002,MOORE HIGH SCHOOL,0.99,0.04,2.86,0.39,,21.61,0.88,0.08,,,,,
6511,2016,14I002710,14I002,WESTMOORE HIGH SCHOOL,0.99,0.10,2.99,0.27,,22.56,0.85,0.07,,,,,
6512,2016,14I002715,14I002,SOUTHMOORE HIGH SCHOOL,0.99,0.09,3.06,0.38,,21.87,0.20,0.05,,,,,
6513,2016,14I029705,14I029,NORMAN HIGH SCHOOL,0.98,0.08,3.10,0.58,,22.54,1.00,0.11,,,,,
6514,2016,14I029710,14I029,NORMAN NORTH HIGH SCHOOL,1.00,0.03,3.22,0.34,,23.67,0.84,0.11,,,,,
6515,2016,14I040705,14I040,NOBLE HIGH SCHOOL,0.96,0.09,3.07,0.58,,20.31,0.90,0.03,,,,,
6516,2016,14I057705,14I057,LEXINGTON HIGH SCHOOL,0.99,0.02,3.00,0.67,,20.51,0.47,0.00,,,,,
6517,2016,14I070715,14I070,LITTLE AXE HIGH SCHOOL,0.97,0.08,3.18,0.86,,18.79,0.68,0.05,,,,,
6518,2016,15I001705,15I001,COALGATE HIGH SCHOOL,1.00,0.00,3.14,0.70,,20.15,0.57,0.00,,,,,
6519,2016,15I002705,15I002,TUPELO HIGH SCHOOL,1.00,0.05,3.24,0.57,,20.22,0.75,0.00,,,,,
6520,2016,16I001705,16I001,CACHE HIGH SCHOOL,1.00,0.02,3.39,0.62,,20.38,0.95,0.07,,,,,
6521,2016,16I002705,16I002,INDIAHOMA HIGH SCHOOL,1.00,0.00,3.50,0.71,,23.86,1.00,0.00,,,,,
6522,2016,16I003705,16I003,STERLING HIGH SCHOOL,1.00,0.03,3.25,0.97,,22.13,0.80,0.07,,,,,
6523,2016,16I004705,16I004,GERONIMO HIGH SCHOOL,1.00,0.00,3.02,0.90,,16.12,0.89,0.00,,,,,
6524,2016,16I008705,16I008,EISENHOWER HIGH SCHOOL,1.00,0.06,2.97,0.41,,20.34,0.82,0.07,,,,,
6525,2016,16I008710,16I008,LAWTON HIGH SCHOOL,0.99,0.10,2.77,0.28,,19.70,0.85,0.10,,,,,
6526,2016,16I008715,16I008,MacARTHUR HIGH SCHOOL,1.00,0.02,3.10,0.24,,21.05,1.00,0.17,,,,,
6527,2016,16I009715,16I009,FLETCHER HIGH SCHOOL,1.00,0.03,3.09,0.69,,20.72,0.13,0.00,,,,,
6528,2016,16I016705,16I016,ELGIN HIGH SCHOOL,0.99,0.02,3.44,0.56,,20.87,0.93,0.10,,,,,
6529,2016,16I132705,16I132,CHATTANOOGA HIGH SCHOOL,1.00,0.00,3.30,0.76,,20.67,1.00,0.00,,,,,
6530,2016,17I001705,17I001,WALTERS HIGH SCHOOL,0.98,0.04,3.28,0.55,,19.75,0.96,0.17,,,,,
6531,2016,17I101715,17I101,TEMPLE HIGH SCHOOL,0.90,0.10,3.51,0.80,,18.00,1.00,0.00,,,,,
6532,2016,17I333705,17I333,BIG PASTURE HIGH SCHOOL,1.00,0.00,2.80,0.92,,20.09,1.00,0.00,,,,,
6533,2016,18I006705,18I006,KETCHUM HIGH SCHOOL,0.98,0.04,2.96,0.62,,19.00,0.80,0.02,,,,,
6534,2016,18I017715,18I017,WELCH HIGH SCHOOL,1.00,0.00,3.07,0.90,,18.85,0.40,0.10,,,,,
6535,2016,18I020705,18I020,BLUEJACKET HIGH SCHOOL,1.00,0.05,3.03,0.70,,20.18,0.45,0.10,,,,,
6536,2016,18I065705,18I065,VINITA HIGH SCHOOL,0.96,0.05,2.97,0.65,,20.41,0.72,0.06,,,,,
6537,2016,19I002705,19I002,BRISTOW HIGH SCHOOL,0.96,0.12,3.01,0.70,,20.00,0.90,0.03,,,,,
6538,2016,19I003705,19I003,MANNFORD HIGH SCHOOL,0.96,0.07,2.93,0.33,,20.48,0.56,0.03,,,,,
6539,2016,19I005705,19I005,MOUNDS HIGH SCHOOL,1.00,0.00,2.69,0.22,,19.77,1.00,0.03,,,,,
6540,2016,19I017715,19I017,OLIVE HIGH SCHOOL,1.00,0.00,3.07,0.70,,20.14,0.69,0.00,,,,,
6541,2016,19I018705,19I018,KIEFER HIGH SCHOOL,0.98,0.07,3.27,0.58,,20.09,1.00,0.00,,,,,
6542,2016,19I020715,19I020,OILTON HIGH SCHOOL,1.00,0.00,3.30,1.00,,20.70,0.94,0.00,,,,,
6543,2016,19I021705,19I021,DEPEW HIGH SCHOOL,1.00,0.00,3.43,0.52,,19.94,0.81,0.04,,,,,
6544,2016,19I031705,19I031,KELLYVILLE HIGH SCHOOL,0.99,0.07,3.34,0.69,,20.33,0.54,0.06,,,,,
6545,2016,19I033705,19I033,SAPULPA HIGH SCHOOL,0.96,0.12,3.13,0.51,,18.73,0.70,0.05,,,,,
6546,2016,19I039705,19I039,DRUMRIGHT HIGH SCHOOL,0.97,0.05,2.56,0.65,,19.85,0.79,0.13,,,,,
6547,2016,20I005715,20I005,ARAPAHO-BUTLER HIGH SCHOOL,1.00,0.00,3.22,0.50,,21.79,0.78,0.00,,,,,
6548,2016,20I007715,20I007,THOMAS-FAY-CUSTER HIGH SCHOOL,1.00,0.00,3.49,0.97,,21.27,1.00,0.00,,,,,
6549,2016,20I026705,20I026,WEATHERFORD HIGH SCHOOL,1.00,0.03,2.98,0.62,,21.49,1.00,0.03,,,,,
6550,2016,20I099705,20I099,CLINTON HIGH SCHOOL,0.99,0.03,2.78,0.50,,18.63,0.70,0.00,,,,,
6551,2016,21I001705,21I001,JAY HIGH SCHOOL,0.97,0.07,2.84,0.34,,19.86,0.61,0.05,,,,,
6552,2016,21I002705,21I002,GROVE HIGH SCHOOL,0.99,0.09,2.89,0.38,,21.11,0.84,0.14,,,,,
6553,2016,21I003715,21I003,KANSAS HIGH SCHOOL,0.98,0.06,3.03,0.81,,18.48,0.63,0.03,,,,,
6554,2016,21I004715,21I004,COLCORD HIGH SCHOOL,0.97,0.11,3.10,0.95,,17.59,0.86,0.02,,,,,
6555,2016,21I005715,21I005,OAKS-MISSION HIGH SCHOOL,1.00,0.00,2.70,1.00,,17.55,0.96,0.16,,,,,
6556,2016,22I005705,22I005,VICI HIGH SCHOOL,1.00,0.07,3.30,0.96,,18.83,0.92,0.00,,,,,
6557,2016,22I008715,22I008,SEILING SR HIGH SCHOOL,1.00,0.06,3.35,0.80,,19.91,1.00,0.00,,,,,
6558,2016,22I010705,22I010,TALOGA HIGH SCHOOL,1.00,0.00,**,1.00,,**,1.00,0.25,,,,,
6559,2016,23I002705,23I002,FARGO HIGH SCHOOL,1.00,0.00,2.87,1.00,,18.41,1.00,0.06,,,,,
6560,2016,23I003705,23I003,ARNETT HIGH SCHOOL,0.93,0.13,3.40,0.40,,19.78,1.00,0.00,,,,,
6561,2016,23I039705,23I039,GAGE HIGH SCHOOL,1.00,0.50,FTR,0.43,,16.94,FTR,FTR,,,,,
6562,2016,23I042705,23I042,SHATTUCK HIGH SCHOOL,1.00,0.00,3.47,0.48,,20.70,1.00,0.04,,,,,
6563,2016,24I001705,24I001,WAUKOMIS HIGH SCHOOL,1.00,0.00,3.04,0.61,,19.14,0.77,0.10,,,,,
6564,2016,24I018705,24I018,KREMLIN-HILLSDALE HIGH SCHOOL,1.00,0.00,3.49,0.55,,22.20,1.00,0.00,,,,,
6565,2016,24I042705,24I042,CHISHOLM HIGH SCHOOL,1.00,0.00,3.04,0.30,,23.67,0.69,0.12,,,,,
6566,2016,24I047715,24I047,GARBER HIGH SCHOOL,1.00,0.04,2.88,0.59,,22.20,0.43,0.04,,,,,
6567,2016,24I056705,24I056,PIONEER-PLEASANT VALE HIGH SCHOOL,1.00,0.00,3.31,0.44,,19.79,0.89,0.00,,,,,
6568,2016,24I057705,24I057,ENID HIGH SCHOOL,0.99,0.12,2.92,0.47,,20.34,0.73,0.02,,,,,
6569,2016,24I085705,24I085,DRUMMOND HIGH SCHOOL,0.96,0.08,3.07,0.73,,21.30,1.00,0.00,,,,,
6570,2016,24I094705,24I094,COVINGTON-DOUGLAS HIGH SCHOOL,0.88,0.13,3.18,0.75,,18.76,0.93,0.00,,,,,
6571,2016,25I002715,25I002,STRATFORD HIGH SCHOOL,1.00,0.00,3.27,0.45,,19.50,0.80,0.02,,,,,
6572,2016,25I005705,25I005,PAOLI HIGH SCHOOL,1.00,0.00,2.87,0.31,,19.00,1.00,0.01,,,,,
6573,2016,25I007715,25I007,MAYSVILLE HIGH SCHOOL,1.00,0.05,3.16,1.00,,18.67,0.90,0.00,,,,,
6574,2016,25I009705,25I009,LINDSAY HIGH SCHOOL,1.00,0.06,3.04,0.59,,21.12,0.71,0.01,,,,,
6575,2016,25I018705,25I018,PAULS VALLEY HIGH SCHOOL,1.00,0.04,3.44,0.49,,21.33,0.81,0.00,,,,,
6576,2016,25I038705,25I038,WYNNEWOOD HIGH SCHOOL,1.00,0.08,3.29,0.33,,19.39,0.92,0.03,,,,,
6577,2016,25I072715,25I072,SENIOR HIGH SCHOOL,1.00,0.03,3.15,0.68,,21.20,0.97,0.00,,,,,
6578,2016,26I001705,26I001,CHICKASHA HIGH SCHOOL,1.00,0.02,2.88,0.39,,20.92,0.84,0.03,,,,,
6579,2016,26I002715,26I002,MINCO HIGH SCHOOL,1.00,0.02,3.15,0.91,,20.05,0.77,0.00,,,,,
6580,2016,26I051705,26I051,SENIOR HIGH SCHOOL,1.00,0.03,2.65,0.96,,17.31,0.91,0.00,,,,,
6581,2016,26I056715,26I056,ALEX HIGH SCHOOL,1.00,0.12,2.96,0.91,,18.64,0.91,0.00,,,,,
6582,2016,26I068705,26I068,RUSH SPRINGS HIGH SCHOOL,0.97,0.06,3.28,0.83,,19.07,0.94,0.00,,,,,
6583,2016,26I095705,26I095,BRIDGE CREEK HIGH SCHOOL,1.00,0.03,3.17,0.38,,21.06,0.84,0.02,,,,,
6584,2016,26I097705,26I097,TUTTLE HIGH SCHOOL,1.00,0.01,3.55,0.29,,22.19,0.92,0.04,,,,,
6585,2016,26I099705,26I099,VERDEN HIGH SCHOOL,1.00,0.05,2.72,1.00,,19.00,0.95,0.00,,,,,
6586,2016,26I128715,26I128,AMBER-POCASSET HIGH SCHOOL,1.00,0.00,3.19,0.65,,20.56,0.97,0.00,,,,,
6587,2016,27I054705,27I054,MEDFORD HIGH SCHOOL,1.00,0.06,3.23,0.71,,20.35,1.00,0.00,,,,,
6588,2016,27I090705,27I090,POND CREEK-HUNTER HIGH SCHOOL,1.00,0.05,3.63,0.80,,22.25,1.00,0.10,,,,,
6589,2016,27I095705,27I095,DEER CREEK-LAMONT HIGH SCHOOL,1.00,0.00,3.32,1.00,,21.13,0.93,0.07,,,,,
6590,2016,28I001705,28I001,MANGUM HIGH SCHOOL,1.00,0.00,3.08,0.94,,19.30,0.77,0.02,,,,,
6591,2016,28I003715,28I003,GRANITE HIGH SCHOOL,1.00,0.05,3.02,0.71,,20.67,0.57,0.00,,,,,
6592,2016,29I066705,29I066,HOLLIS HIGH SCHOOL,1.00,0.00,3.20,0.63,,18.96,1.00,0.05,,,,,
6593,2016,30I001705,30I001,LAVERNE HIGH SCHOOL,1.00,0.00,3.49,0.92,,19.70,0.76,0.04,,,,,
6594,2016,30I004715,30I004,BUFFALO HIGH SCHOOL,1.00,0.00,3.30,0.79,,19.67,1.00,0.14,,,,,
6595,2016,31I013705,31I013,KINTA HIGH SCHOOL,1.00,0.00,FTR,0.52,,16.50,FTR,FTR,,,,,
6596,2016,31I020705,31I020,STIGLER HIGH SCHOOL,0.98,0.06,3.58,0.53,,19.41,0.42,0.04,,,,,
6597,2016,31I037705,31I037,McCURTAIN HIGH SCHOOL,0.95,0.10,2.95,1.06,,19.27,0.65,0.00,,,,,
6598,2016,31I043705,31I043,KEOTA HIGH SCHOOL,1.00,0.04,3.12,0.87,,17.89,1.00,0.00,,,,,
6599,2016,32I001705,32I001,MOSS HIGH SCHOOL,1.00,0.00,3.47,0.80,,19.73,1.00,0.00,,,,,
6600,2016,32I005705,32I005,WETUMKA HIGH SCHOOL,1.00,0.14,3.17,0.38,,18.90,0.71,0.00,,,,,
6601,2016,32I035705,32I035,HOLDENVILLE HIGH SCHOOL,1.00,0.00,2.99,0.45,,18.07,0.98,0.00,,,,,
6602,2016,32I048705,32I048,CALVIN HIGH SCHOOL,1.00,0.08,3.10,0.73,,18.55,1.00,0.00,,,,,
6603,2016,32I054705,32I054,STUART HIGH SCHOOL,1.00,0.00,3.73,0.78,,19.74,0.88,0.00,,,,,
6604,2016,33I001705,33I001,NAVAJO HIGH SCHOOL,1.00,0.00,3.48,0.75,,20.81,1.00,0.15,,,,,
6605,2016,33I014705,33I014,DUKE HIGH SCHOOL,1.00,0.00,3.44,0.71,,18.06,0.68,0.04,,,,,
6606,2016,33I018705,33I018,ALTUS HIGH SCHOOL,0.99,0.05,3.03,0.63,,21.27,0.08,0.05,,,,,
6607,2016,33I025705,33I025,ELDORADO HIGH SCHOOL,1.00,0.00,**,0.33,,**,0.66,0.17,,,,,
6608,2016,33I035705,33I035,OLUSTEE HIGH SCHOOL,1.00,0.09,2.67,0.20,,**,0.70,0.00,,,,,
6609,2016,33I054705,33I054,BLAIR HIGH SCHOOL,1.00,0.00,FTR,0.58,,19.64,FTR,FTR,,,,,
6610,2016,34I001705,34I001,RYAN HIGH SCHOOL,1.00,0.04,3.05,0.96,,17.85,1.00,0.00,,,,,
6611,2016,34I014705,34I014,RINGLING HIGH SCHOOL,1.00,0.09,3.23,0.32,,20.35,0.81,0.03,,,,,
6612,2016,34I023705,34I023,WAURIKA HIGH SCHOOL,1.00,0.00,2.97,1.00,,21.15,0.68,0.09,,,,,
6613,2016,35I002705,35I002,MILL CREEK HIGH SCHOOL,0.92,0.14,3.37,0.64,,17.00,1.00,0.00,,,,,
6614,2016,35I020705,35I020,TISHOMINGO HIGH SCHOOL,1.00,0.02,3.20,0.34,,20.97,0.90,0.02,,,,,
6615,2016,35I029705,35I029,MILBURN HIGH SCHOOL,1.00,0.00,3.35,0.91,,18.30,0.83,0.00,,,,,
6616,2016,35I035705,35I035,COLEMAN HIGH SCHOOL,1.00,0.05,3.50,0.05,,19.06,1.00,0.00,,,,,
6617,2016,35I037705,35I037,WAPANUCKA HIGH SCHOOL,1.00,0.00,FTR,0.80,,19.63,FTR,FTR,,,,,
6618,2016,36I045705,36I045,BLACKWELL HIGH SCHOOL,0.99,0.11,2.97,0.58,,19.69,1.00,0.05,,,,,
6619,2016,36I071705,36I071,PONCA CITY HIGH SCHOOL,0.96,0.06,2.77,0.50,,21.55,0.66,0.04,,,,,
6620,2016,36I087715,36I087,TONKAWA HIGH SCHOOL,0.98,0.06,3.35,0.44,,20.07,0.86,0.00,,,,,
6621,2016,36I125705,36I125,NEWKIRK HIGH SCHOOL,0.97,0.03,3.07,0.39,,18.58,0.75,0.22,,,,,
6622,2016,37I002705,37I002,DOVER HIGH SCHOOL,1.00,0.00,3.68,0.70,,18.17,1.00,0.10,,,,,
6623,2016,37I003705,37I003,LOMEGA HIGH SCHOOL,1.00,0.00,3.29,1.00,,21.00,1.00,0.00,,,,,
6624,2016,37I007705,37I007,KINGFISHER HIGH SCHOOL,1.00,0.00,3.23,0.82,,20.72,0.87,0.04,,,,,
6625,2016,37I016705,37I016,HENNESSEY HIGH SCHOOL,1.00,0.00,3.42,0.31,,20.65,0.91,0.07,,,,,
6626,2016,37I089705,37I089,CASHION HIGH SCHOOL,0.97,0.03,3.17,0.83,,21.27,0.94,0.03,,,,,
6627,2016,37I105705,37I105,OKARCHE HIGH SCHOOL,1.00,0.00,3.34,0.96,,22.57,1.00,0.00,,,,,
6628,2016,38I001705,38I001,HOBART HIGH SCHOOL,0.95,0.05,3.14,0.60,,18.42,0.89,0.07,,,,,
6629,2016,38I002705,38I002,LONE WOLF HIGH SCHOOL,1.00,0.00,**,0.40,,DNA,0.50,0.00,,,,,
6630,2016,38I003715,38I003,MOUNTAIN VIEW-GOTEBO HIGH SCHOOL,1.00,0.00,2.93,1.00,,19.67,0.88,0.00,,,,,
6631,2016,38I004705,38I004,SNYDER HIGH SCHOOL,1.00,0.00,3.07,0.32,,18.94,0.81,0.00,,,,,
6632,2016,39I001705,39I001,WILBURTON HIGH SCHOOL,0.97,0.11,2.81,0.48,,20.30,0.67,0.02,,,,,
6633,2016,39I002705,39I002,RED OAK HIGH SCHOOL,1.00,0.00,3.53,0.33,,19.33,1.00,0.00,,,,,
6634,2016,39I003705,39I003,BUFFALO VALLEY HIGH SCHOOL,1.00,0.00,3.20,0.73,,**,1.00,0.00,,,,,
6635,2016,39I004705,39I004,PANOLA HIGH SCHOOL,1.00,0.00,3.50,1.00,,**,1.00,0.00,,,,,
6636,2016,40I002705,40I002,SPIRO HIGH SCHOOL,0.98,0.10,2.68,0.89,,20.27,0.08,0.06,,,,,
6637,2016,40I003705,40I003,HEAVENER HIGH SCHOOL,1.00,0.00,3.05,0.64,,18.62,0.67,0.02,,,,,
6638,2016,40I007705,40I007,POCOLA HIGH SCHOOL,0.98,0.05,2.81,0.78,,20.24,1.00,0.15,,,,,
6639,2016,40I016705,40I016,LeFLORE HIGH SCHOOL,1.00,0.00,3.35,0.80,,18.20,0.64,0.00,,,,,
6640,2016,40I017705,40I017,CAMERON HIGH SCHOOL,1.00,0.00,3.13,0.68,,17.78,1.00,0.00,,,,,
6641,2016,40I020705,40I020,PANAMA HIGH SCHOOL,1.00,0.01,3.14,0.73,,18.97,0.93,0.01,,,,,
6642,2016,40I026715,40I026,BOKOSHE HIGH SCHOOL,1.00,0.07,3.19,0.85,,**,1.00,0.00,,,,,
6643,2016,40I029705,40I029,POTEAU HIGH SCHOOL,0.98,0.08,3.00,0.46,,21.02,0.86,0.06,,,,,
6644,2016,40I049715,40I049,WISTER HIGH SCHOOL,0.97,0.03,FTR,0.36,,19.27,FTR,FTR,,,,,
6645,2016,40I052705,40I052,TALIHINA HIGH SCHOOL,1.00,0.02,3.02,0.72,,19.66,0.73,0.08,,,,,
6646,2016,40I062705,40I062,WHITESBORO HIGH SCHOOL,1.00,0.00,FTR,0.67,,20.50,FTR,FTR,,,,,
6647,2016,40I067705,40I067,HOWE HIGH SCHOOL,1.00,0.00,3.09,0.75,,19.03,0.93,0.00,,,,,
6648,2016,40I091715,40I091,ARKOMA HIGH SCHOOL,0.83,0.33,3.01,0.67,,18.53,1.00,0.30,,,,,
6649,2016,41I001705,41I001,CHANDLER HIGH SCHOOL,0.99,0.08,3.31,0.70,,21.23,0.71,0.02,,,,,
6650,2016,41I003705,41I003,DAVENPORT HIGH SCHOOL,1.00,0.00,3.19,0.41,,19.95,0.43,0.03,,,,,
6651,2016,41I004705,41I004,WELLSTON HIGH SCHOOL,1.00,0.02,3.19,0.76,,20.02,1.00,0.00,,,,,
6652,2016,41I054705,41I054,STROUD HIGH SCHOOL,1.00,0.03,3.22,0.88,,20.41,0.22,0.00,,,,,
6653,2016,41I095705,41I095,MEEKER HIGH SCHOOL,1.00,0.09,3.04,0.21,,21.22,0.62,0.06,,,,,
6654,2016,41I103705,41I103,PRAGUE HIGH SCHOOL,0.97,0.08,3.10,0.79,,21.82,0.99,0.01,,,,,
6655,2016,41I105705,41I105,CARNEY HIGH SCHOOL,1.00,0.00,3.05,0.21,,18.75,1.00,0.00,,,,,
6656,2016,41I134705,41I134,AGRA HIGH SCHOOL,1.00,0.00,3.39,0.94,,19.06,0.63,0.00,,,,,
6657,2016,42I001705,42I001,GUTHRIE HIGH SCHOOL,0.98,0.09,2.91,0.28,,19.96,0.91,0.02,,,,,
6658,2016,42I002715,42I002,CRESCENT HIGH SCHOOL,0.97,0.06,3.19,0.97,,19.67,0.84,0.06,,,,,
6659,2016,42I003705,42I003,MULHALL-ORLANDO HIGH SCHOOL,1.00,0.00,3.32,0.37,,20.47,0.94,0.00,,,,,
6660,2016,42I014705,42I014,COYLE HIGH SCHOOL,1.00,0.00,FTR,0.67,,17.85,FTR,FTR,,,,,
6661,2016,43I004705,43I004,THACKERVILLE HIGH SCHOOL,1.00,0.00,2.81,0.90,,19.88,1.00,0.05,,,,,
6662,2016,43I005705,43I005,TURNER HIGH SCHOOL,1.00,0.26,2.90,0.84,,18.50,1.00,0.35,,,,,
6663,2016,43I016705,43I016,MARIETTA HIGH SCHOOL,0.97,0.10,2.90,0.61,,17.48,0.95,0.01,,,,,
6664,2016,44I001705,44I001,RINGWOOD HIGH SCHOOL,1.00,0.04,3.53,0.46,,21.27,1.00,0.00,,,,,
6665,2016,44I004705,44I004,ALINE-CLEO HIGH SCHOOL,1.00,0.08,3.39,0.58,,21.14,1.00,0.00,,,,,
6666,2016,44I084705,44I084,FAIRVIEW HIGH SCHOOL,0.97,0.06,3.11,0.89,,22.58,1.00,0.10,,,,,
6667,2016,44I092705,44I092,CIMARRON HIGH SCHOOL,1.00,0.05,3.34,0.89,,20.33,0.95,0.15,,,,,
6668,2016,45I002705,45I002,MADILL HIGH SCHOOL,1.00,0.07,3.00,0.27,,18.09,0.90,0.01,,,,,
6669,2016,45I003705,45I003,KINGSTON HIGH SCHOOL,1.00,0.02,3.05,0.64,,18.57,0.73,0.01,,,,,
6670,2016,46I001705,46I001,PRYOR HIGH SCHOOL,0.95,0.13,3.04,0.45,,21.49,0.89,0.04,,,,,
6671,2016,46I002705,46I002,ADAIR HIGH SCHOOL,0.99,0.03,3.16,0.65,,21.55,0.80,0.06,,,,,
6672,2016,46I016705,46I016,SALINA HIGH SCHOOL,0.97,0.07,2.80,0.14,,19.59,0.79,0.01,,,,,
6673,2016,46I017705,46I017,LOCUST GROVE HIGH SCHOOL,0.97,0.08,3.13,0.48,,20.94,1.00,0.02,,,,,
6674,2016,46I032705,46I032,CHOUTEAU-MAZIE HIGH SCHOOL,1.00,0.13,3.14,0.38,,18.79,0.82,0.08,,,,,
6675,2016,47I001705,47I001,NEWCASTLE HIGH SCHOOL,0.99,0.03,3.34,0.42,,21.55,0.97,0.03,,,,,
6676,2016,47I002715,47I002,DIBBLE HIGH SCHOOL,0.98,0.02,3.04,0.66,,18.74,0.98,0.02,,,,,
6677,2016,47I005705,47I005,WASHINGTON HIGH SCHOOL,1.00,0.00,3.49,0.78,,21.32,1.00,0.06,,,,,
6678,2016,47I010705,47I010,WAYNE HIGH SCHOOL,1.00,0.00,3.25,0.57,,20.81,0.60,0.00,,,,,
6679,2016,47I015705,47I015,PURCELL HIGH SCHOOL,1.00,0.05,3.21,0.57,,21.18,1.00,0.02,,,,,
6680,2016,47I029705,47I029,BLANCHARD HIGH SCHOOL,0.95,0.12,3.08,0.39,,22.00,0.64,0.04,,,,,
6681,2016,48I005710,48I005,IDABEL HIGH SCHOOL,1.00,0.02,3.03,0.62,,20.54,0.51,0.07,,,,,
6682,2016,48I006705,48I006,HAWORTH HIGH SCHOOL,1.00,0.00,3.17,0.81,,18.44,0.90,0.04,,,,,
6683,2016,48I011705,48I011,VALLIANT HIGH SCHOOL,0.99,0.01,3.15,0.65,,19.45,0.84,0.01,,,,,
6684,2016,48I013705,48I013,EAGLETOWN HIGH SCHOOL,1.00,0.00,3.00,1.00,,17.71,0.88,0.06,,,,,
6685,2016,48I014705,48I014,SMITHVILLE HIGH SCHOOL,1.00,0.10,3.08,1.07,,18.25,0.44,0.11,,,,,
6686,2016,48I039705,48I039,WRIGHT CITY HIGH SCHOOL,1.00,0.08,3.22,0.64,,18.04,0.82,0.00,,,,,
6687,2016,48I071715,48I071,BATTIEST HIGH SCHOOL,1.00,0.11,2.82,0.70,,19.00,1.00,0.00,,,,,
6688,2016,48I074705,48I074,BROKEN BOW HIGH SCHOOL,0.97,0.06,3.55,0.77,,19.95,0.96,0.04,,,,,
6689,2016,49I001710,49I001,EUFAULA HIGH SCHOOL,0.98,0.07,2.98,0.69,,20.96,0.68,0.03,,,,,
6690,2016,49I019705,49I019,CHECOTAH HIGH SCHOOL,1.00,0.03,2.97,0.81,,17.28,0.96,0.03,,,,,
6691,2016,49I027705,49I027,MIDWAY HIGH SCHOOL,0.90,0.25,3.02,0.64,,18.50,0.00,0.00,,,,,
6692,2016,50I001705,50I001,SULPHUR HIGH SCHOOL,0.99,0.03,3.20,0.47,,20.58,0.88,0.03,,,,,
6693,2016,50I010705,50I010,DAVIS HIGH SCHOOL,1.00,0.02,3.49,0.49,,19.41,1.00,0.07,,,,,
6694,2016,51I002715,51I002,HASKELL HIGH SCHOOL,0.98,0.09,2.98,0.41,,18.26,0.80,0.06,,,,,
6695,2016,51I003705,51I003,FORT GIBSON HIGH SCHOOL,0.99,0.05,3.22,0.57,,21.58,0.71,0.06,,,,,
6696,2016,51I006715,51I006,WEBBERS FALLS HIGH SCHOOL,1.00,0.00,3.04,0.58,,19.30,0.89,0.00,,,,,
6697,2016,51I008705,51I008,OKTAHA HIGH SCHOOL,1.00,0.00,2.87,0.29,,19.15,0.65,0.57,,,,,
6698,2016,51I020705,51I020,MUSKOGEE HIGH SCHOOL,0.99,0.17,FTR,0.67,,19.38,FTR,FTR,,,,,
6699,2016,51I029705,51I029,HILLDALE HIGH SCHOOL,0.98,0.02,3.48,0.32,,20.72,0.90,0.00,,,,,
6700,2016,51I046705,51I046,BRAGGS HIGH SCHOOL,1.00,0.10,2.80,0.00,,16.52,1.00,0.00,,,,,
6701,2016,51I074715,51I074,WARNER HIGH SCHOOL,1.00,0.00,3.30,0.85,,19.41,0.80,0.00,,,,,
6702,2016,51I088705,51I088,PORUM HIGH SCHOOL,1.00,0.09,2.84,0.67,,18.15,1.00,0.00,,,,,
6703,2016,52I001705,52I001,PERRY HIGH SCHOOL,0.98,0.02,2.69,0.47,,21.16,1.00,0.02,,,,,
6704,2016,52I002705,52I002,BILLINGS HIGH SCHOOL,1.00,0.00,**,0.60,,**,1.00,0.00,,,,,
6705,2016,52I004705,52I004,FRONTIER HIGH SCHOOL,0.96,0.04,3.00,0.78,,18.79,0.52,0.04,,,,,
6706,2016,52I006705,52I006,MORRISON HIGH SCHOOL,1.00,0.03,3.76,0.93,,21.55,1.00,0.08,,,,,
6707,2016,53I003705,53I003,OKLAHOMA UNION HIGH SCHOOL,1.00,0.02,3.00,0.62,,18.45,0.92,0.11,,,,,
6708,2016,53I040705,53I040,NOWATA HIGH SCHOOL,0.99,0.03,3.08,0.47,,18.54,0.96,0.08,,,,,
6709,2016,53I051705,53I051,SOUTH COFFEYVILLE HIGH SCHOOL,1.00,0.00,2.80,0.36,,18.79,0.93,0.60,,,,,
6710,2016,54I002705,54I002,MASON HIGH SCHOOL,0.97,0.03,3.35,0.57,,18.00,1.00,0.00,,,,,
6711,2016,54I014705,54I014,PADEN HIGH SCHOOL,1.00,0.05,2.90,1.19,,18.74,1.00,0.00,,,,,
6712,2016,54I026705,54I026,OKEMAH HIGH SCHOOL,0.92,0.11,2.95,0.72,,18.49,0.86,0.03,,,,,
6713,2016,54I031705,54I031,WELEETKA HIGH SCHOOL,1.00,0.07,3.24,0.46,,18.57,0.85,0.00,,,,,
6714,2016,54I054705,54I054,GRAHAM HIGH SCHOOL,1.00,0.13,2.98,0.07,,14.42,0.29,0.00,,,,,
6715,2016,55I001705,55I001,PUTNAM CITY HIGH SCHOOL,0.94,0.09,2.84,0.56,,19.36,0.85,0.04,,,,,
6716,2016,55I001708,55I001,PUTNAM CITY NORTH HIGH SCHOOL,0.96,0.08,2.98,0.49,,20.10,0.89,0.07,,,,,
6717,2016,55I001710,55I001,PUTNAM CITY WEST HIGH SCHOOL,0.92,0.13,2.30,0.50,,16.74,0.98,0.22,,,,,
6718,2016,55I003705,55I003,LUTHER HIGH SCHOOL,1.00,0.00,3.15,0.67,,18.06,0.67,0.02,,,,,
6719,2016,55I004705,55I004,CHOCTAW HIGH SCHOOL,0.99,0.04,3.35,0.60,,21.27,0.89,0.04,,,,,
6720,2016,55I006705,55I006,DEER CREEK HIGH SCHOOL,1.00,0.01,3.71,0.15,,23.81,0.96,0.15,,,,,
6721,2016,55I007705,55I007,HARRAH HIGH SCHOOL,0.99,0.03,3.17,0.83,,18.55,0.68,0.07,,,,,
6722,2016,55I009705,55I009,JONES HIGH SCHOOL,0.97,0.09,2.97,0.55,,21.32,0.78,0.08,,,,,
6723,2016,55I012705,55I012,MEMORIAL HIGH SCHOOL,0.99,0.04,3.32,0.38,,24.23,0.89,0.11,,,,,
6724,2016,55I012715,55I012,NORTH HIGH SCHOOL,0.99,0.02,3.48,0.21,,24.85,0.94,0.12,,,,,
6725,2016,55I012720,55I012,SANTA FE HIGH SCHOOL,1.00,0.03,3.20,0.33,,22.45,0.78,0.12,,,,,
6726,2016,55I037705,55I037,MILLWOOD HIGH SCHOOL,0.98,0.04,3.07,0.71,,18.20,1.00,0.18,,,,,
6727,2016,55I041705,55I041,WESTERN HEIGHTS HIGH SCHOOL,0.95,0.19,2.80,0.63,,19.07,0.40,0.03,,,,,
6728,2016,55I052705,55I052,CARL ALBERT HIGH SCHOOL,1.00,0.00,3.41,0.43,,20.88,0.95,0.06,,,,,
6729,2016,55I052710,55I052,DEL CITY HIGH SCHOOL,0.99,0.08,2.86,0.29,,18.63,0.25,0.03,,,,,
6730,2016,55I052715,55I052,MIDWEST CITY HIGH SCHOOL,0.99,0.04,3.50,0.63,,19.39,0.97,0.03,,,,,
6731,2016,55I053705,55I053,CROOKED OAK HIGH SCHOOL,1.00,0.08,2.87,0.46,,16.64,0.65,0.00,,,,,
6732,2016,55I088705,55I088,BETHANY HIGH SCHOOL,0.98,0.03,3.39,0.25,,22.43,0.96,0.05,,,,,
6733,2016,55I089705,55I089,CAPITOL HILL HIGH SCHOOL,0.96,0.24,2.71,0.85,,16.37,0.98,0.02,,,,,
6734,2016,55I089706,55I089,CLASSEN HIGH SCHOOL OF ADVANCED STUDIES,1.00,0.00,3.83,0.04,,25.32,0.99,0.12,,,,,
6735,2016,55I089707,55I089,DOUGLASS HIGH SCHOOL,1.00,0.03,3.00,0.71,,16.21,0.86,0.12,,,,,
6736,2016,55I089712,55I089,U. S. GRANT HIGH SCHOOL,0.94,0.28,2.85,0.80,,17.02,1.00,0.01,,,,,
6737,2016,55I089726,55I089,JOHN MARSHALL HIGH SCHOOL,0.97,0.11,2.67,0.80,,15.57,0.98,0.12,,,,,
6738,2016,55I089750,55I089,OKLAHOMA CENTENNIAL HIGH SCHOOL,0.96,0.22,3.01,0.98,,16.22,0.90,0.00,,,,,
6739,2016,55I089760,55I089,NORTHEAST HIGH SCHOOL,1.00,0.00,3.40,1.00,,18.43,0.98,0.06,,,,,
6740,2016,55I089765,55I089,NORTHWEST CLASSEN HIGH SCHOOL,0.97,0.21,2.93,0.87,,16.35,0.95,0.01,,,,,
6741,2016,55I089770,55I089,SOUTHEAST HIGH SCHOOL,0.99,0.03,3.06,0.68,,18.77,0.90,0.04,,,,,
6742,2016,55I089780,55I089,STAR SPENCER HIGH SCHOOL,1.00,0.09,3.00,1.00,,16.18,1.00,0.05,,,,,
6743,2016,55I089975,55I089,DOVE SCIENCE ACADEMY (OKC),1.00,0.00,3.34,0.00,,22.70,1.00,0.02,,,,,
6744,2016,55I089977,55I089,SANTA FE SOUTH HIGH SCHOOL,1.00,0.08,3.11,0.00,,17.19,0.98,0.00,,,,,
6745,2016,55I089978,55I089,HARDING CHARTER PREPARATORY HIGH SCHOOL,1.00,0.00,2.53,0.00,,24.82,1.00,0.27,,,,,
6746,2016,55I089980,55I089,HARDING FINE ARTS ACADEMY,1.00,0.00,3.24,0.00,,20.59,1.00,0.25,,,,,
6747,2016,55I089986,55I089,HARPER ACADEMY,1.00,0.27,1.07,0.00,,**,0.50,0.00,,,,,
6748,2016,56I001705,56I001,OKMULGEE HIGH SCHOOL,0.99,0.04,2.93,0.63,,17.18,1.00,0.01,,,,,
6749,2016,56I002705,56I002,HENRYETTA HIGH SCHOOL,0.95,0.05,3.63,0.22,,18.17,1.00,0.01,,,,,
6750,2016,56I003705,56I003,MORRIS HIGH SCHOOL,0.99,0.08,2.93,0.29,,20.16,1.00,0.01,,,,,
6751,2016,56I004705,56I004,BEGGS HIGH SCHOOL,1.00,0.01,3.25,0.47,,19.08,0.81,0.02,,,,,
6752,2016,56I005705,56I005,PRESTON HIGH SCHOOL,1.00,0.00,3.65,0.14,,21.11,1.00,0.00,,,,,
6753,2016,56I006705,56I006,SCHULTER HIGH SCHOOL,0.89,0.11,2.68,0.50,,**,1.00,0.00,,,,,
6754,2016,56I007705,56I007,WILSON HIGH SCHOOL,1.00,0.00,3.10,0.82,,17.29,0.82,0.00,,,,,
6755,2016,56I008715,56I008,DEWAR HIGH SCHOOL,0.97,0.08,3.24,0.94,,18.38,0.97,0.00,,,,,
6756,2016,57I002705,57I002,PAWHUSKA HIGH SCHOOL,0.89,0.14,3.01,0.63,,19.82,0.90,0.06,,,,,
6757,2016,57I011715,57I011,SHIDLER HIGH SCHOOL,1.00,0.04,3.28,0.62,,19.27,0.91,0.05,,,,,
6758,2016,57I029715,57I029,BARNSDALL HIGH SCHOOL,1.00,0.08,3.12,0.71,,19.00,0.69,0.03,,,,,
6759,2016,57I030705,57I030,WYNONA HIGH SCHOOL,1.00,0.00,**,1.00,,**,0.05,0.20,,,,,
6760,2016,57I038705,57I038,HOMINY HIGH SCHOOL,1.00,0.00,2.82,0.74,,18.80,0.64,0.10,,,,,
6761,2016,57I050705,57I050,PRUE HIGH SCHOOL,0.94,0.06,2.96,0.00,,17.87,0.71,0.00,,,,,
6762,2016,57I090705,57I090,WOODLAND HIGH SCHOOL,1.00,0.04,3.30,0.52,,19.50,0.93,0.04,,,,,
6763,2016,58I001715,58I001,WYANDOTTE HIGH SCHOOL,1.00,0.02,2.89,0.58,,18.25,0.98,0.17,,,,,
6764,2016,58I014705,58I014,QUAPAW HIGH SCHOOL,1.00,0.04,2.50,0.86,,19.33,0.56,0.07,,,,,
6765,2016,58I018705,58I018,COMMERCE HIGH SCHOOL,1.00,0.12,2.96,0.70,,18.00,0.11,0.05,,,,,
6766,2016,58I023115,58I023,ROCKDALE ELEMENTARY,1.00,0.00,NA,NA,,NA,FTR,FTR,,,,,
6767,2016,58I023705,58I023,MIAMI HIGH SCHOOL,0.97,0.07,3.18,0.42,,21.11,0.92,0.05,,,,,
6768,2016,58I026705,58I026,AFTON HIGH SCHOOL,1.00,0.00,3.05,0.82,,20.20,1.00,0.05,,,,,
6769,2016,58I031705,58I031,FAIRLAND HIGH SCHOOL,1.00,0.00,3.20,0.77,,21.21,0.77,0.04,,,,,
6770,2016,59I001705,59I001,PAWNEE HIGH SCHOOL,1.00,0.02,2.92,0.60,,20.51,0.98,0.07,,,,,
6771,2016,59I006705,59I006,CLEVELAND HIGH SCHOOL,0.97,0.07,2.96,0.80,,20.80,0.73,0.03,,,,,
6772,2016,60I003705,60I003,RIPLEY HIGH SCHOOL,1.00,0.00,3.18,0.95,,20.00,1.00,0.00,,,,,
6773,2016,60I016705,60I016,STILLWATER HIGH SCHOOL,0.99,0.05,3.33,0.26,,22.82,0.78,0.21,,,,,
6774,2016,60I056705,60I056,PERKINS-TRYON HIGH SCHOOL,1.00,0.01,3.20,0.70,,20.33,0.83,0.00,,,,,
6775,2016,60I067705,60I067,CUSHING HIGH SCHOOL,1.00,0.06,3.13,0.68,,20.67,0.73,0.04,,,,,
6776,2016,60I101705,60I101,GLENCOE HIGH SCHOOL,1.00,0.00,3.20,0.44,,20.25,1.00,0.00,,,,,
6777,2016,60I103715,60I103,YALE HIGH SCHOOL,1.00,0.14,FTR,0.53,,20.32,1.00,0.00,,,,,
6778,2016,61I001705,61I001,HARTSHORNE HIGH SCHOOL,0.95,0.09,3.10,0.88,,20.80,1.00,0.07,,,,,
6779,2016,61I002705,61I002,CANADIAN HIGH SCHOOL,0.97,0.09,2.96,0.18,,19.38,0.75,0.00,,,,,
6780,2016,61I011705,61I011,HAILEYVILLE HIGH SCHOOL,1.00,0.17,3.15,1.10,,17.81,0.90,0.03,,,,,
6781,2016,61I014715,61I014,KIOWA HIGH SCHOOL,1.00,0.00,3.25,0.83,,23.41,1.00,0.00,,,,,
6782,2016,61I017715,61I017,QUINTON HIGH SCHOOL,1.00,0.15,3.20,0.56,,19.00,1.00,0.00,,,,,
6783,2016,61I025715,61I025,INDIANOLA HIGH SCHOOL,0.91,0.23,2.75,0.27,,16.00,1.00,0.00,,,,,
6784,2016,61I028705,61I028,CROWDER HIGH SCHOOL,1.00,0.00,3.03,0.85,,20.26,0.59,0.03,,,,,
6785,2016,61I030705,61I030,SAVANNA HIGH SCHOOL,1.00,0.05,3.24,0.40,,19.83,1.00,0.05,,,,,
6786,2016,61I063705,61I063,PITTSBURG HIGH SCHOOL,1.00,0.00,3.10,0.00,,**,1.00,0.50,,,,,
6787,2016,61I080705,61I080,McALESTER HIGH SCHOOL,0.99,0.14,2.88,0.52,,20.38,0.89,0.06,,,,,
6788,2016,62I001705,62I001,ALLEN HIGH SCHOOL,1.00,0.03,3.48,1.03,,20.55,0.84,0.00,,,,,
6789,2016,62I009705,62I009,VANOSS HIGH SCHOOL,1.00,0.00,3.10,0.79,,19.72,0.85,0.00,,,,,
6790,2016,62I016705,62I016,BYNG HIGH SCHOOL,1.00,0.05,3.29,0.68,,19.37,0.82,0.06,,,,,
6791,2016,62I019705,62I019,ADA HIGH SCHOOL,0.94,0.11,3.24,0.69,,21.23,0.83,0.03,,,,,
6792,2016,62I024705,62I024,LATTA HIGH SCHOOL,1.00,0.06,3.35,0.84,,21.60,0.98,0.04,,,,,
6793,2016,62I030705,62I030,STONEWALL HIGH SCHOOL,1.00,0.05,3.02,0.72,,20.18,0.89,0.00,,,,,
6794,2016,62I037705,62I037,ROFF HIGH SCHOOL,1.00,0.00,3.15,0.50,,19.70,0.87,0.00,,,,,
6795,2016,63I001705,63I001,McLOUD HIGH SCHOOL,0.95,0.14,2.70,0.35,,18.00,0.83,0.04,,,,,
6796,2016,63I002705,63I002,DALE HIGH SCHOOL,1.00,0.00,3.10,0.19,,20.48,0.90,0.00,,,,,
6797,2016,63I003705,63I003,BETHEL HIGH SCHOOL,0.99,0.01,3.28,0.29,,21.16,0.72,0.01,,,,,
6798,2016,63I004705,63I004,MACOMB HIGH SCHOOL,1.00,0.06,FTR,0.38,,19.80,FTR,FTR,,,,,
6799,2016,63I005705,63I005,EARLSBORO HIGH SCHOOL,0.96,0.04,3.15,0.21,,15.56,0.75,0.00,,,,,
6800,2016,63I092710,63I092,TECUMSEH HIGH SCHOOL,0.97,0.08,2.12,0.60,,19.03,0.86,0.02,,,,,
6801,2016,63I093705,63I093,SHAWNEE HIGH SCHOOL,0.98,0.11,3.01,0.41,,20.78,0.81,0.03,,,,,
6802,2016,63I112705,63I112,ASHER HIGH SCHOOL,1.00,0.05,3.26,1.00,,17.86,1.00,0.00,,,,,
6803,2016,63I115705,63I115,WANETTE HIGH SCHOOL,1.00,0.07,3.18,1.00,,18.89,0.93,0.00,,,,,
6804,2016,63I117705,63I117,MAUD HIGH SCHOOL,1.00,0.00,2.74,0.43,,18.58,0.76,0.00,,,,,
6805,2016,64I001705,64I001,RATTAN HIGH SCHOOL,1.00,0.00,3.15,1.07,,19.55,0.89,0.00,,,,,
6806,2016,64I010705,64I010,CLAYTON HIGH SCHOOL,1.00,0.03,3.21,0.90,,19.27,0.94,0.00,,,,,
6807,2016,64I013705,64I013,ANTLERS HIGH SCHOOL,1.00,0.02,2.97,0.84,,19.39,0.71,0.02,,,,,
6808,2016,64I022705,64I022,MOYERS HIGH SCHOOL,1.00,0.08,3.21,0.33,,20.18,0.83,0.00,,,,,
6809,2016,65I003705,65I003,LEEDEY HIGH SCHOOL,1.00,0.00,3.52,0.72,,20.68,0.95,0.05,,,,,
6810,2016,65I006705,65I006,REYDON HIGH SCHOOL,1.00,0.00,**,0.33,,**,1.00,0.33,,,,,
6811,2016,65I007705,65I007,CHEYENNE HIGH SCHOOL,1.00,0.14,3.33,0.64,,22.92,0.75,0.08,,,,,
6812,2016,65I015705,65I015,SWEETWATER HIGH SCHOOL,1.00,0.00,**,1.00,,**,1.00,0.00,,,,,
6813,2016,65I066705,65I066,HAMMON HIGH SCHOOL,1.00,0.00,3.24,0.60,,18.95,0.94,0.00,,,,,
6814,2016,66I001705,66I001,CLAREMORE HIGH SCHOOL,0.97,0.11,3.08,0.45,,21.54,0.83,0.07,,,,,
6815,2016,66I002705,66I002,CATOOSA HIGH SCHOOL,0.99,0.04,2.96,0.53,,18.26,0.93,0.02,,,,,
6816,2016,66I003705,66I003,CHELSEA HIGH SCHOOL,1.00,0.03,3.06,0.82,,18.95,0.67,0.01,,,,,
6817,2016,66I004705,66I004,OOLOGAH-TALALA HIGH SCHOOL,1.00,0.01,3.25,0.56,,20.55,0.02,0.10,,,,,
6818,2016,66I005715,66I005,INOLA HIGH SCHOOL,1.00,0.05,3.03,0.62,,19.90,1.00,0.02,,,,,
6819,2016,66I006705,66I006,SEQUOYAH HIGH SCHOOL,1.00,0.00,3.14,0.96,,21.91,0.93,0.04,,,,,
6820,2016,66I007705,66I007,FOYIL HIGH SCHOOL,1.00,0.05,3.04,0.69,,20.24,0.66,0.03,,,,,
6821,2016,66I008705,66I008,VERDIGRIS HIGH SCHOOL,0.98,0.04,3.14,0.12,,21.82,0.96,0.14,,,,,
6822,2016,67I001715,67I001,SEMINOLE HIGH SCHOOL,1.00,0.07,3.17,0.51,,20.10,0.83,0.01,,,,,
6823,2016,67I002705,67I002,WEWOKA HIGH SCHOOL,1.00,0.08,2.88,0.56,,17.75,0.97,0.03,,,,,
6824,2016,67I003705,67I003,BOWLEGS HIGH SCHOOL,1.00,0.00,3.20,0.38,,17.86,0.82,0.00,,,,,
6825,2016,67I004705,67I004,KONAWA HIGH SCHOOL,1.00,0.00,3.65,0.75,,19.70,0.86,0.00,,,,,
6826,2016,67I006705,67I006,NEW LIMA HIGH SCHOOL,0.96,0.04,2.75,0.22,,20.25,0.46,0.04,,,,,
6827,2016,67I007705,67I007,VARNUM HIGH SCHOOL,1.00,0.00,2.68,0.88,,18.36,0.94,0.00,,,,,
6828,2016,67I010705,67I010,SASAKWA HIGH SCHOOL,1.00,0.00,3.10,0.53,,19.67,1.00,0.00,,,,,
6829,2016,67I014705,67I014,STROTHER HIGH SCHOOL,1.00,0.00,3.04,0.88,,19.00,0.82,0.00,,,,,
6830,2016,67I015705,67I015,BUTNER HIGH SCHOOL,1.00,0.00,3.50,0.59,,19.00,0.88,0.00,,,,,
6831,2016,68I001705,68I001,SALLISAW HIGH SCHOOL,0.96,0.12,3.16,0.51,,20.56,0.86,0.06,,,,,
6832,2016,68I002705,68I002,VIAN HIGH SCHOOL,1.00,0.10,3.26,0.76,,19.03,0.96,0.00,,,,,
6833,2016,68I003705,68I003,MULDROW HIGH SCHOOL,0.99,0.07,3.22,0.62,,21.76,0.95,0.04,,,,,
6834,2016,68I004715,68I004,GANS HIGH SCHOOL,1.00,0.00,3.16,0.86,,19.88,0.23,0.05,,,,,
6835,2016,68I005705,68I005,ROLAND HIGH SCHOOL,0.99,0.09,3.22,0.81,,17.84,0.86,0.13,,,,,
6836,2016,68I006715,68I006,GORE HIGH SCHOOL,1.00,0.00,3.18,0.61,,19.88,1.00,0.04,,,,,
6837,2016,68I007705,68I007,CENTRAL HIGH SCHOOL,1.00,0.00,3.33,0.76,,20.86,1.00,0.06,,,,,
6838,2016,69I001705,69I001,DUNCAN HIGH SCHOOL,0.96,0.06,3.23,0.47,,19.36,0.82,0.05,,,,,
6839,2016,69I002705,69I002,COMANCHE HIGH SCHOOL,1.00,0.01,3.10,0.69,,20.85,0.84,0.07,,,,,
6840,2016,69I003705,69I003,MARLOW HIGH SCHOOL,0.99,0.05,3.02,0.71,,20.69,0.79,0.01,,,,,
6841,2016,69I015715,69I015,VELMA-ALMA HIGH SCHOOL,1.00,0.00,3.24,0.41,,18.88,1.00,0.00,,,,,
6842,2016,69I021715,69I021,EMPIRE HIGH SCHOOL,1.00,0.00,3.25,0.77,,18.24,1.00,0.00,,,,,
6843,2016,69I034705,69I034,CENTRAL HIGH HIGH SCHOOL,1.00,0.00,3.38,0.51,,20.81,1.00,0.03,,,,,
6844,2016,69I042705,69I042,BRAY-DOYLE HIGH SCHOOL,1.00,0.03,3.18,0.96,,19.60,0.68,0.00,,,,,
6845,2016,70I001705,70I001,YARBROUGH HIGH SCHOOL,1.00,0.00,**,0.00,,**,1.00,0.20,,,,,
6846,2016,70I008705,70I008,GUYMON HIGH SCHOOL,0.99,0.12,2.92,0.59,,16.90,1.00,0.12,,,,,
6847,2016,70I015705,70I015,HARDESTY HIGH SCHOOL,1.00,0.00,**,1.00,,**,1.00,0.33,,,,,
6848,2016,70I023715,70I023,HOOKER HIGH SCHOOL,0.97,0.03,3.05,0.67,,19.68,0.91,0.31,,,,,
6849,2016,70I053705,70I053,TYRONE HIGH SCHOOL,1.00,0.05,3.52,0.00,,19.44,1.00,0.29,,,,,
6850,2016,70I060705,70I060,GOODWELL HIGH SCHOOL,1.00,0.00,FTR,0.94,,20.20,FTR,FTR,,,,,
6851,2016,70I061705,70I061,TEXHOMA HIGH SCHOOL,1.00,0.04,3.51,0.48,,20.17,1.00,0.23,,,,,
6852,2016,71I008715,71I008,TIPTON HIGH SCHOOL,1.00,0.10,3.32,0.75,,21.88,0.72,0.00,,,,,
6853,2016,71I009705,71I009,DAVIDSON HIGH SCHOOL,1.00,0.00,FTR,0.88,,16.29,FTR,FTR,,,,,
6854,2016,71I158710,71I158,FREDERICK HIGH SCHOOL,1.00,0.09,3.10,0.58,,19.66,0.75,0.02,,,,,
6855,2016,71I249715,71I249,GRANDFIELD HIGH SCHOOL,1.00,0.06,3.37,0.94,,17.14,1.00,0.05,,,,,
6856,2016,72I001705,72I001,CENTRAL HIGH SCHOOL,0.98,0.16,2.64,0.73,,15.58,0.41,0.09,,,,,
6857,2016,72I001710,72I001,EAST CENTRAL HIGH SCHOOL,0.96,0.27,2.50,0.42,,17.02,0.30,0.10,,,,,
6858,2016,72I001712,72I001,THOMAS EDISON PREPARATORY HIGH SCHOOL,1.00,0.09,3.03,0.55,,22.44,0.78,0.12,,,,,
6859,2016,72I001715,72I001,NATHAN HALE HIGH SCHOOL,0.98,0.28,2.53,0.87,,17.12,0.51,0.02,,,,,
6860,2016,72I001720,72I001,McLAIN HS FOR SCIENCE & TECHNOLOGY,0.96,0.40,2.66,0.96,,15.06,0.65,0.03,,,,,
6861,2016,72I001725,72I001,MEMORIAL HIGH SCHOOL,0.95,0.25,2.66,0.48,,18.42,0.52,0.04,,,,,
6862,2016,72I001730,72I001,WILL ROGERS COLLEGE HIGH SCHOOL,0.99,0.09,2.93,0.51,,18.15,0.93,0.08,,,,,
6863,2016,72I001735,72I001,BOOKER T. WASHINGTON HIGH SCHOOL,1.00,0.01,3.38,0.49,,23.28,0.96,0.22,,,,,
6864,2016,72I001740,72I001,DANIEL WEBSTER HIGH SCHOOL,0.99,0.21,2.79,0.76,,17.06,0.67,0.09,,,,,
6865,2016,72I001745,72I001,TULSA MET HIGH SCHOOL,1.00,0.58,2.47,1.00,,**,0.15,0.00,,,,,
6866,2016,72I001750,72I001,TRAICE,0.93,0.48,2.49,0.07,,DNA,0.00,0.00,,,,,
6867,2016,72I001974,72I001,TULSA SCHOOL OF ARTS & SCIENCES,0.96,0.09,3.10,0.09,,23.14,1.00,0.30,,,,,
6868,2016,72I002705,72I002,CHARLES PAGE HIGH SCHOOL,0.98,0.08,3.48,0.41,,20.89,0.88,0.01,,,,,
6869,2016,72I003720,72I003,BROKEN ARROW HIGH SCHOOL,0.97,0.06,2.81,0.00,,22.12,0.83,0.07,,,,,
6870,2016,72I004705,72I004,BIXBY HIGH SCHOOL,0.99,0.03,3.20,0.60,,23.38,0.85,0.10,,,,,
6871,2016,72I005705,72I005,JENKS HIGH SCHOOL,0.97,0.07,3.13,0.51,,23.67,0.88,0.14,,,,,
6872,2016,72I006705,72I006,COLLINSVILLE HIGH SCHOOL,0.98,0.04,3.13,0.45,,20.48,0.68,0.03,,,,,
6873,2016,72I007705,72I007,SKIATOOK HIGH SCHOOL,0.99,0.05,3.11,0.57,,20.68,0.84,0.03,,,,,
6874,2016,72I008705,72I008,SPERRY HIGH SCHOOL,1.00,0.02,3.17,0.46,,20.28,0.54,0.00,,,,,
6875,2016,72I009705,72I009,UNION HIGH SCHOOL,0.98,0.06,2.95,0.42,,21.30,0.94,0.02,,,,,
6876,2016,72I010705,72I010,BERRYHILL HIGH SCHOOL,0.99,0.02,3.10,0.57,,20.84,0.93,0.03,,,,,
6877,2016,72I011715,72I011,OWASSO HIGH SCHOOL,0.99,0.04,3.19,0.00,,22.93,0.68,0.03,,,,,
6878,2016,72I013705,72I013,GLENPOOL HIGH SCHOOL,0.99,0.02,2.98,0.77,,19.96,0.87,0.08,,,,,
6879,2016,72I014705,72I014,LIBERTY HIGH SCHOOL,1.00,0.00,3.12,0.94,,18.65,0.96,0.04,,,,,
6880,2016,73I001715,73I001,OKAY HIGH SCHOOL,1.00,0.06,2.87,0.54,,18.53,0.88,0.00,,,,,
6881,2016,73I017705,73I017,COWETA HIGH SCHOOL,0.99,0.06,3.13,0.33,,21.01,0.76,0.06,,,,,
6882,2016,73I019710,73I019,WAGONER HIGH SCHOOL,1.00,0.07,3.23,0.36,,20.68,0.84,0.03,,,,,
6883,2016,73I365720,73I365,PORTER CONSOLIDATED HIGH SCHOOL,1.00,0.03,3.20,0.58,,18.69,1.00,0.05,,,,,
6884,2016,74I004720,74I004,COPAN HIGH SCHOOL,0.93,0.28,2.86,0.50,,18.36,0.54,0.08,,,,,
6885,2016,74I007705,74I007,DEWEY HIGH SCHOOL,1.00,0.04,3.40,0.20,,20.00,0.58,0.08,,,,,
6886,2016,74I018705,74I018,CANEY VALLEY HIGH SCHOOL,1.00,0.00,3.09,0.33,,18.18,0.91,0.02,,,,,
6887,2016,74I030705,74I030,BARTLESVILLE HIGH SCHOOL,0.97,0.06,3.22,0.29,,22.70,0.82,0.08,,,,,
6888,2016,75I001705,75I001,BLANCHE THOMAS HIGH SCHOOL,1.00,0.00,3.42,1.00,,19.30,1.00,0.00,,,,,
6889,2016,75I010705,75I010,BURNS FLAT-DILL CITY HIGH SCHOOL,0.96,0.13,3.17,0.50,,20.38,0.85,0.08,,,,,
6890,2016,75I011705,75I011,CANUTE HIGH SCHOOL,1.00,0.00,3.01,0.88,,20.30,0.93,0.00,,,,,
6891,2016,75I078705,75I078,CORDELL HIGH SCHOOL,1.00,0.00,3.25,0.36,,20.63,0.94,0.04,,,,,
6892,2016,76I001705,76I001,ALVA HIGH SCHOOL,0.98,0.08,3.09,0.68,,21.15,0.85,0.06,,,,,
6893,2016,76I003720,76I003,WAYNOKA HIGH SCHOOL,1.00,0.00,3.51,0.85,,21.26,0.79,0.00,,,,,
6894,2016,76I006705,76I006,FREEDOM HIGH SCHOOL,0.88,0.22,3.50,1.00,,20.57,1.00,0.00,,,,,
6895,2016,77I001705,77I001,WOODWARD HIGH SCHOOL,1.00,0.06,3.10,0.66,,19.54,0.79,0.03,,,,,
6896,2016,77I002715,77I002,MOORELAND HIGH SCHOOL,0.97,0.12,3.24,0.68,,21.17,0.87,0.00,,,,,
6897,2016,77I003705,77I003,SHARON-MUTUAL HIGH SCHOOL,1.00,0.00,3.19,0.89,,17.11,0.82,0.06,,,,,
6898,2016,77I005705,77I005,FORT SUPPLY HIGH SCHOOL,1.00,0.00,3.58,1.11,,20.64,0.89,0.00,,,,,