Record Number,Year,County,District,District Code,Population,Avg. Household Income,Avg. Property Valuation / ADM,Unemployment %,Poverty %,Single-Parent Family %,Student/Offender,Offense/Offender,NCNT in Gang,H.S. Diploma w/o College Degree,Less than 12th Grade,College Degree or Above,Free Reduced Lunch %
4210,2016,ADAIR,PEAVINE,01C019,1365,46992.38683,25099.7787,0.027372263,0.210989011,0.267716535,126,1,1,0.14205186,0.656144307,0.201803833,0.9048
4211,2016,ADAIR,MARYETTA,01C022,1250,46908.94118,5489.7295,0.051136364,0.258219727,0.420289855,,0,0,0.190672154,0.665294925,0.144032922,0.7797
4212,2016,ADAIR,ROCKY MOUNTAIN,01C024,524,48151.92308,6974.0145,0.049586777,0.208015267,0.402985075,,0,0,0.103641457,0.700280112,0.196078431,0.7766
4213,2016,ADAIR,ZION,01C028,898,58882.35294,10179.8416,0.03649635,0.145879733,0.14084507,,0,0,0.260150376,0.606015038,0.133834586,0.8068
4214,2016,ADAIR,DAHLONEGAH,01C029,635,33683.51648,11677.6313,0.053061224,0.360576923,0.392156863,134,1,0,0.055232558,0.595930233,0.348837209,1
4215,2016,ADAIR,GREASY,01C032,830,41452.04082,18966.4391,0.036809816,0.21686747,0.2,,0,0,0.112338858,0.635359116,0.252302026,0.8778
4216,2016,ADAIR,WATTS,01I004,1576,40894.71947,30905.5386,0.113559322,0.282994924,0.382857143,312,2,0,0.069418386,0.678236398,0.252345216,0.8013
4217,2016,ADAIR,WESTVILLE,01I011,6036,47925.27624,22296.9064,0.085106383,0.242861999,0.369209809,193.1666667,2.166666667,0,0.133970057,0.641197728,0.224832215,0.7895
4218,2016,ADAIR,STILWELL,01I025,7734,38661.97691,22851.3778,0.094874924,0.3135192,0.381752701,166,2.75,0,0.134996932,0.66250767,0.202495398,0.8946
4219,2016,ADAIR,CAVE SPRINGS,01I030,711,50981.85328,10822.4502,0.069204152,0.216138329,0.298507463,45.75,3,0,0.158762887,0.655670103,0.18556701,0.918
4220,2016,ALFALFA,BURLINGTON,02I001,513,123967.5926,224150.8016,0.044052863,0.070175439,0.132075472,,0,0,0.287292818,0.616022099,0.096685083,0.4302
4221,2016,ALFALFA,CHEROKEE,02I046,1861,79034.02439,83544.0276,0.048025614,0.166388425,0.355029586,422,1,0,0.250906454,0.637418419,0.111675127,0.5261
4222,2016,ALFALFA,TIMBERLAKE,02I093,3015,56229.79911,134781.4924,0.032803181,0.12970297,0.300411523,92,4.666666667,0,0.163043478,0.719481605,0.117474916,0.5109
4223,2016,ATOKA,HARMONY,03C021,1727,60017.22689,36411.4997,0.048192771,0.168224299,0.206422018,,0,0,0.211101001,0.59144677,0.197452229,0.855
4224,2016,ATOKA,LANE,03C022,2696,59699.86468,27823.2284,0.089068826,0.174796748,0.327586207,,0,0,0.082275505,0.729196051,0.188528444,0.7471
4225,2016,ATOKA,STRINGTOWN,03I007,823,52268.03279,25881.4935,0.066473988,0.095121951,0.315068493,84.66666667,1.666666667,0,0.170491803,0.62295082,0.206557377,0.8031
4226,2016,ATOKA,ATOKA,03I015,4415,44213.76344,31489.9672,0.117209834,0.317802503,0.479392625,62.25,2,0,0.139807898,0.659907506,0.200284596,0.7259
4227,2016,ATOKA,TUSHKA,03I019,1367,51927.91519,32244.8613,0.085144928,0.174103877,0.352601156,215,1,0,0.197502838,0.683314415,0.119182747,0.6116
4228,2016,ATOKA,CANEY,03I026,1461,44737.1567,40665.7367,0.093103448,0.206707734,0.306122449,126.5,1,0,0.144400786,0.695481336,0.160117878,0.83
4229,2016,BEAVER,BEAVER,04I022,2004,72320.85048,81146.7268,0.02247191,0.072095436,0.168316832,369,1,0,0.1884273,0.607566766,0.204005935,0.5935
4230,2016,BEAVER,BALKO,04I075,908,74504.74684,434601.1692,0.00462963,0.043478261,0.18487395,,0,0,0.254799302,0.633507853,0.111692845,0.4136
4231,2016,BEAVER,FORGAN,04I123,603,65148.83721,202952.5348,0.034602076,0.169154229,0.433333333,41,1.5,0,0.236238532,0.669724771,0.094036697,0.5854
4232,2016,BEAVER,TURPIN,04I128,1916,65309.19003,77370.5024,0.053333333,0.127870564,0.187845304,223.5,2,0,0.141242938,0.636803874,0.221953188,0.5996
4233,2016,BECKHAM,MERRITT,05I002,3433,115205.6856,63890.2702,0.031818182,0.059256985,0.158333333,789,1,0,0.237340379,0.696609423,0.066050198,0.6667
4234,2016,BECKHAM,ELK CITY,05I006,11801,70102.92398,53130.3223,0.03543663,0.125247994,0.405207486,178.9166667,2.5,1,0.181064629,0.653153737,0.165781635,0.5841
4235,2016,BECKHAM,SAYRE,05I031,6124,62403.93362,107282.1209,0.021247113,0.167349579,0.360465116,125.1666667,2,0,0.14268233,0.639745472,0.217572198,0.6618
4236,2016,BECKHAM,ERICK,05I051,1515,51438.31041,44548.8211,0.006160164,0.239408204,0.198473282,54.8,2.2,0,0.133198789,0.669021191,0.19778002,0.5365
4237,2016,BLAINE,OKEENE,06I009,1431,56344.17266,76510.0635,0.018309859,0.092152628,0.318181818,329,3,0,0.193149382,0.673644148,0.13320647,0.5866
4238,2016,BLAINE,WATONGA,06I042,4981,53328.30832,53908.5625,0.019061584,0.221791045,0.388101983,45.35294118,1.823529412,0,0.117877095,0.711452514,0.170670391,0.7458
4239,2016,BLAINE,GEARY,06I080,1844,61355.33063,110914.9432,0.085434174,0.200996678,0.419354839,135,5.333333333,0,0.208633094,0.668165468,0.123201439,0.9309
4240,2016,BLAINE,CANTON,06I105,1692,63316.8956,134683.8376,0.067164179,0.169030733,0.24742268,,0,0,0.19035533,0.688663283,0.120981387,0.6086
4241,2016,BRYAN,SILO,07I001,7454,64348.76974,57167.7106,0.033694697,0.110722454,0.262483995,889,1,0,0.28438949,0.603941267,0.111669243,0.7154
4242,2016,BRYAN,ROCK CREEK,07I002,3252,52472.52322,43733.9534,0.077037037,0.160876369,0.204861111,77.83333333,1,0,0.155747837,0.690152452,0.154099712,0.743
4243,2016,BRYAN,ACHILLE,07I003,2379,53538.67735,92130.699,0.116013072,0.127892301,0.282722513,108,1.333333333,0,0.149117814,0.698918611,0.151963574,0.7562
4244,2016,BRYAN,COLBERT,07I004,4934,48570.1565,24401.8312,0.139546351,0.160817506,0.27402863,,0,0,0.116834532,0.677410072,0.205755396,0.7608
4245,2016,BRYAN,CADDO,07I005,2566,50224.01656,32908.5092,0.097053726,0.193119625,0.342975207,243,1,0,0.209006928,0.625866051,0.165127021,0.7593
4246,2016,BRYAN,BENNINGTON,07I040,1388,40952.38095,126961.9351,0.127615063,0.228739003,0.296610169,298,4,0,0.181721573,0.640807651,0.177470776,0.8322
4247,2016,BRYAN,CALERA,07I048,4254,57694.71001,49686.6507,0.070835155,0.115384615,0.215730337,240.3333333,4.333333333,0,0.188052315,0.718628491,0.093319194,0.7046
4248,2016,BRYAN,DURANT,07I072,17887,46828.36574,34806.952,0.079614728,0.247822456,0.378625134,64.8245614,1.929824561,2,0.246941046,0.573414905,0.179644049,0.7196
4249,2016,CADDO,HYDRO-EAKLY,08I011,2459,56446.57534,51092.2463,0.044019139,0.138302277,0.226923077,,0,0,0.182668329,0.680798005,0.136533666,0.6049
4250,2016,CADDO,LOOKEBA SICKLES,08I012,912,57174.02985,26738.2341,0.052272727,0.116483516,0.25,,0,0,0.170144462,0.678972713,0.150882825,0.8
4251,2016,CADDO,ANADARKO,08I020,9272,53555.52268,17880.3265,0.137833676,0.311044908,0.437799043,58.8125,2.4375,5,0.180172414,0.676034483,0.143793103,0.8512
4252,2016,CADDO,CARNEGIE,08I033,2829,43842.23485,29746.0227,0.085561497,0.228323699,0.327868852,95.16666667,1.833333333,0,0.133692722,0.681940701,0.184366577,0.8389
4253,2016,CADDO,BOONE-APACHE,08I056,2462,57878.19404,43627.1704,0.125345622,0.167277167,0.366666667,,0,0,0.192627824,0.680142687,0.127229489,0.8038
4254,2016,CADDO,CYRIL,08I064,1786,45483.89058,18897.3767,0.107250755,0.156653565,0.15942029,385,1,0,0.17512275,0.735679214,0.089198036,0.6831
4255,2016,CADDO,GRACEMONT,08I086,917,58214.20118,31975.4483,0.056511057,0.178924259,0.375,46.66666667,2.666666667,1,0.128526646,0.747648903,0.123824451,0.6786
4256,2016,CADDO,CEMENT,08I160,1485,50184.89871,31417.655,0.096423017,0.117086453,0.188811189,127.5,1,0,0.084435402,0.688708037,0.226856562,0.8078
4257,2016,CADDO,HINTON,08I161,5041,61147.64322,57905.4803,0.062434418,0.173784251,0.358050847,238.3333333,2.333333333,0,0.11170056,0.698202181,0.190097259,0.6378
4258,2016,CADDO,FORT COBB-BROXTON,08I167,1835,51494.01198,25787.8141,0.067114094,0.165842943,0.306010929,344,4,0,0.218344156,0.656655844,0.125,0.7791
4259,2016,CADDO,BINGER-ONEY,08I168,2146,51383.8471,57565.3268,0.078431373,0.21037464,0.191489362,122.3333333,7,0,0.123097287,0.697551291,0.179351423,0.7003
4260,2016,CANADIAN,RIVERSIDE,09C029,1595,72838.66906,201695.7512,0.059493671,0.16677116,0.368686869,173,1,0,0.218390805,0.647857889,0.133751306,0.7746
4261,2016,CANADIAN,BANNER,09C031,2190,96094.81481,279468.6543,0.07638191,0.08018648,0.212927757,,0,0,0.298834818,0.551062371,0.15010281,0.4216
4262,2016,CANADIAN,DARLINGTON,09C070,657,78783.65759,123821.3638,0.005730659,0.020900322,0.041666667,,0,0,0.252566735,0.68788501,0.059548255,0.8613
4263,2016,CANADIAN,MAPLE,09C162,701,86804.94297,351620.4132,0.137741047,0.098430813,0.155555556,,0,0,0.182835821,0.671641791,0.145522388,0.3172
4264,2016,CANADIAN,PIEDMONT,09I022,13671,96974.43255,43118.9837,0.026849315,0.043325527,0.164202746,1824.5,1.5,0,0.438301282,0.503205128,0.05849359,0.2022
4265,2016,CANADIAN,YUKON,09I027,40242,77882.61431,42555.6776,0.039186275,0.056349346,0.275786973,220.4736842,1.842105263,0,0.286938944,0.646389398,0.066671658,0.4297
4266,2016,CANADIAN,EL RENO,09I034,16493,60315.49808,24895.1556,0.065493517,0.139660748,0.369634849,105.4,1.48,0,0.116525424,0.733787767,0.149686809,0.6797
4267,2016,CANADIAN,UNION CITY,09I057,1535,79770.15504,59688.9515,0.042796006,0.060652009,0.103225806,291,1,0,0.181818182,0.71559633,0.102585488,0.5189
4268,2016,CANADIAN,MUSTANG,09I069,51213,80463.04077,44100.0165,0.042479536,0.060550818,0.24795764,263.3658537,1.634146341,1,0.254076374,0.677687694,0.068235932,0.3608
4269,2016,CANADIAN,CALUMET,09I076,1351,85273.80952,281839.7653,0.063858696,0.128793486,0.33125,,0,0,0.177935943,0.701067616,0.120996441,0.7414
4270,2016,CARTER,ZANEIS,10C072,691,63105.61798,31303.8413,0.08490566,0.176555716,0.194444444,,0,0,0.202898551,0.6563147,0.140786749,0.8368
4271,2016,CARTER,ARDMORE,10I019,18494,52524.04463,56464.166,0.070039361,0.203426361,0.449803702,56.55555556,2.074074074,3,0.1695068,0.646731116,0.183762084,0.9217
4272,2016,CARTER,SPRINGER,10I021,1426,52768.13627,199796.854,0.078125,0.116853933,0.474074074,72,2,1,0.146881288,0.6861167,0.167002012,0.7454
4273,2016,CARTER,PLAINVIEW,10I027,8152,84583.90023,58834.2858,0.036756757,0.081711577,0.259259259,517.3333333,2.666666667,1,0.340517241,0.587382445,0.072100313,0.3338
4274,2016,CARTER,LONE GROVE,10I032,6579,52077.31616,25908.2402,0.070517126,0.141107148,0.274398868,170.6666667,4.555555556,1,0.133940774,0.732346241,0.133712984,0.4896
4275,2016,CARTER,WILSON,10I043,2777,59015.73499,26762.0497,0.049785408,0.149379109,0.202166065,,0,0,0.117515389,0.741466144,0.141018467,0.7119
4276,2016,CARTER,HEALDTON,10I055,3536,48793.57934,36404.8845,0.026657997,0.159726184,0.358433735,512,1,0,0.127835052,0.72,0.152164948,0.6992
4277,2016,CARTER,FOX,10I074,1558,51371.61501,95352.3321,0.032967033,0.120025674,0.137931034,79.5,3.75,0,0.126787417,0.748331745,0.124880839,0.8553
4278,2016,CARTER,DICKSON,10I077,5256,66259.97916,31328.9337,0.077559055,0.107578065,0.282651072,102.7692308,2.153846154,0,0.196003285,0.69833014,0.105666575,0.5816
4279,2016,CHEROKEE,LOWREY,11C010,1082,59702.35602,33256.1538,0.026373626,0.20702403,0.1875,,0,0,0.186903138,0.657571623,0.155525239,0.8768
4280,2016,CHEROKEE,NORWOOD,11C014,1595,58163.35878,29112.0169,0.07201087,0.153215637,0.169642857,,0,0,0.147697654,0.695047785,0.157254561,0.8967
4281,2016,CHEROKEE,WOODALL,11C021,1757,55784.9162,10038.5679,0.107712766,0.181559476,0.295336788,492,3,0,0.165575304,0.703461179,0.130963517,0.6809
4282,2016,CHEROKEE,SHADY GROVE,11C026,1190,51171.3467,19792.0917,0.050772627,0.198319328,0.247863248,72.5,1,0,0.210013908,0.688456189,0.101529903,0.8138
4283,2016,CHEROKEE,PEGGS,11C031,1704,52412.28374,21696.6339,0.056944444,0.197860963,0.169934641,,0,0,0.146188341,0.660986547,0.192825112,0.7703
4284,2016,CHEROKEE,GRAND VIEW,11C034,4953,43887.25432,21028.266,0.07200763,0.24527906,0.473873874,630,1,0,0.255860683,0.58506363,0.159075687,0.8397
4285,2016,CHEROKEE,BRIGGS,11C044,2488,46853.30189,17964.2516,0.088827839,0.226286174,0.268292683,115.75,1.5,0,0.234654731,0.597826087,0.167519182,0.9287
4286,2016,CHEROKEE,TENKILLER,11C066,1535,44603.57782,15520.9061,0.07093185,0.160912052,0.121212121,,0,0,0.134738772,0.670027498,0.195233731,0.798
4287,2016,CHEROKEE,KEYS,11I006,4524,66052.88336,38129.4663,0.063404893,0.127744511,0.235465116,73.90909091,2.909090909,0,0.261591479,0.651002506,0.087406015,0.6765
4288,2016,CHEROKEE,HULBERT,11I016,3184,47744.82173,21549.1239,0.07190022,0.134422111,0.333333333,86.14285714,1.428571429,0,0.173833486,0.681610247,0.144556267,0.7081
4289,2016,CHEROKEE,TAHLEQUAH,11I035,21415,49395.632,24895.6927,0.089987052,0.293615291,0.511036468,202.2222222,2.222222222,0,0.298385755,0.552670994,0.148943252,0.7412
4290,2016,CHOCTAW,GRANT,12C003,1229,41320.9901,DNA,0.066059226,0.236885246,0.234042553,,0,0,0.100225225,0.608108108,0.291666667,1.1017
4291,2016,CHOCTAW,SWINK,12C021,462,50830.68783,19170.1837,0.045918367,0.206971678,0.162162162,,0,0,0.095238095,0.741071429,0.163690476,0.9182
4292,2016,CHOCTAW,BOSWELL,12I001,1705,36950.33289,19855.8237,0.091891892,0.265413975,0.424242424,62.66666667,2.333333333,0,0.113636364,0.683501684,0.202861953,0.7606
4293,2016,CHOCTAW,FORT TOWSON,12I002,2137,45733.1677,38223.6994,0.102564103,0.259259259,0.345794393,56.71428571,2.285714286,0,0.141456583,0.705882353,0.152661064,0.8363
4294,2016,CHOCTAW,SOPER,12I004,1523,48372.83333,12449.9069,0.058208955,0.171372292,0.233082707,197.5,2,0,0.141284404,0.714678899,0.144036697,0.6481
4295,2016,CHOCTAW,HUGO,12I039,7804,43121.87289,29351.8957,0.102069449,0.345189657,0.590540541,53.09090909,2.045454545,0,0.136434715,0.654417514,0.209147772,0.9118
4296,2016,CIMARRON,BOISE CITY,13I002,1587,62630.97983,135479.8809,0.025380711,0.207717042,0.411392405,41.85714286,2.285714286,0,0.175531915,0.659574468,0.164893617,0.7372
4297,2016,CIMARRON,FELT,13I010,336,69534.53237,57964.5085,0.017647059,0.139880952,0.2,,0,0,0.310185185,0.592592593,0.097222222,0.5269
4298,2016,CIMARRON,KEYES,13I011,377,50941.04046,170144.3417,0.010989011,0.116710875,0,,0,0,0.163194444,0.680555556,0.15625,0.6386
4299,2016,CLEVELAND,ROBIN HILL,14C016,761,87270.77465,24818.4002,0.052486188,0.052770449,0.064935065,,0,0,0.214539007,0.679078014,0.106382979,0.3953
4300,2016,CLEVELAND,MOORE,14I002,132645,74645.4849,45730.8031,0.043347128,0.083676696,0.292599178,225.3773585,1.773584906,2,0.261639003,0.654571743,0.083789255,0.4463
4301,2016,CLEVELAND,NORMAN,14I029,114645,71495.25111,60163.6488,0.049202651,0.178913559,0.324831402,198.6582278,4.860759494,5,0.424241512,0.505774298,0.06998419,0.4883
4302,2016,CLEVELAND,NOBLE,14I040,15892,61827.71148,25888.763,0.071538265,0.138488754,0.41875,136.0952381,1.761904762,0,0.164801235,0.709668082,0.125530683,0.662
4303,2016,CLEVELAND,LEXINGTON,14I057,7953,57687.54503,18142.4856,0.084200996,0.131863882,0.21799308,160.7142857,2.428571429,0,0.076316241,0.691819585,0.231864174,0.6444
4304,2016,CLEVELAND,LITTLE AXE,14I070,5727,59387.52546,17886.4308,0.075618375,0.115094008,0.233455882,213.3333333,2.666666667,1,0.127885863,0.684046693,0.188067445,0.7063
4305,2016,COAL,COTTONWOOD,15C004,468,66733.16327,24545.2224,0.109649123,0.16025641,0.090909091,,0,0,0.127218935,0.74260355,0.130177515,0.6348
4306,2016,COAL,COALGATE,15I001,4209,58088.07556,111855.5946,0.099069513,0.211650485,0.510588235,179.25,1,0,0.144902235,0.69273743,0.162360335,0.8159
4307,2016,COAL,TUPELO,15I002,1000,51086.30491,51078.6933,0.052505967,0.236,0.294117647,277,2,0,0.172262774,0.601459854,0.226277372,0.7473
4308,2016,COMANCHE,FLOWER MOUND,16C048,1126,72572.43243,34841.0068,0.070726916,0.072222222,0.282442748,,0,0,0.217391304,0.671809257,0.110799439,0.3243
4309,2016,COMANCHE,BISHOP,16C049,2747,61105.14541,26849.6716,0.097368421,0.185964912,0.30075188,,0,0,0.170441001,0.708581645,0.120977354,0.6287
4310,2016,COMANCHE,CACHE,16I001,8200,93637.81394,61263.0717,0.070836295,0.109390244,0.261165049,93.5,1.4,0,0.266879819,0.677073538,0.056046643,0.4289
4311,2016,COMANCHE,INDIAHOMA,16I002,1515,65772.65774,26046.4824,0.05890411,0.126522327,0.3,,0,0,0.208679594,0.709141274,0.082179132,0.7014
4312,2016,COMANCHE,STERLING,16I003,2095,68146.9679,25449.5471,0.071633238,0.144152745,0.333333333,138.6666667,4.666666667,0,0.227448454,0.694587629,0.077963918,0.5024
4313,2016,COMANCHE,GERONIMO,16I004,3866,57881.87599,55082.8544,0.05654102,0.089774078,0.423469388,110.6666667,1.666666667,0,0.083704974,0.689536878,0.226758148,0.7169
4314,2016,COMANCHE,LAWTON,16I008,93036,55235.60546,30828.0577,0.093815829,0.198843069,0.430566483,48.31612903,1.587096774,12,0.204955398,0.687069844,0.107974758,0.6647
4315,2016,COMANCHE,FLETCHER,16I009,2584,68625.52719,31719.838,0.12522686,0.152647975,0.306818182,241,1.5,0,0.190738699,0.719955899,0.089305402,0.5788
4316,2016,COMANCHE,ELGIN,16I016,8705,91269.06888,31327.2581,0.040928375,0.061859233,0.1875,174.3846154,1.384615385,0,0.271574058,0.633553689,0.094872253,0.3304
4317,2016,COMANCHE,CHATTANOOGA,16I132,1404,57160.17699,44812.3725,0.032467532,0.237179487,0.304761905,112,1.5,0,0.151848152,0.78021978,0.067932068,0.4688
4318,2016,COTTON,WALTERS,17I001,3463,54331.72867,25387.8211,0.089242054,0.18111639,0.341772152,64.63636364,1.454545455,0,0.17039224,0.68747364,0.142134121,0.602
4319,2016,COTTON,TEMPLE,17I101,1357,48280.70175,46739.7239,0.113475177,0.221967963,0.419847328,88.5,1,0,0.098792536,0.701427003,0.199780461,0.8079
4320,2016,COTTON,BIG PASTURE,17I333,1109,59521.15385,47244.6164,0.098360656,0.11632101,0.279069767,,0,0,0.174522293,0.685350318,0.140127389,0.5838
4321,2016,CRAIG,WHITE OAK,18C001,866,52769.27536,154971.2576,0.069053708,0.145496536,0.235294118,,0,0,0.133971292,0.771929825,0.094098884,0.8696
4322,2016,CRAIG,KETCHUM,18I006,3883,53585.06098,101300.8229,0.087402049,0.231225806,0.438709677,298.5,2,0,0.187255251,0.676753293,0.135991456,0.7002
4323,2016,CRAIG,WELCH,18I017,2079,53473.22624,40865.4282,0.042007001,0.145348837,0.22907489,171.5,1.5,0,0.127847171,0.761204996,0.110947832,0.5044
4324,2016,CRAIG,BLUEJACKET,18I020,1466,51605,38207.2732,0.022288262,0.123966942,0.262820513,,0,0,0.132696391,0.695329087,0.171974522,0.6786
4325,2016,CRAIG,VINITA,18I065,9194,48292.10836,32666.7866,0.078669483,0.216193853,0.43315508,50.87096774,2.161290323,0,0.145242837,0.683775088,0.170982074,0.7032
4326,2016,CREEK,LONE STAR,19C008,4857,53354.60199,7983.8613,0.044276967,0.218595041,0.362763916,904,2,0,0.071846554,0.782509753,0.145643693,0.5531
4327,2016,CREEK,GYPSY,19C012,763,51802.54545,58289.9135,0.042735043,0.123197903,0.243589744,,0,0,0.107723577,0.733739837,0.158536585,0.939
4328,2016,CREEK,PRETTY WATER,19C034,1934,67403.34347,34207.5075,0.039378238,0.085372202,0.244680851,,0,0,0.105576208,0.755390335,0.139033457,0.6604
4329,2016,CREEK,ALLEN-BOWDEN,19C035,2941,61915.75283,50670.2161,0.057636888,0.076027397,0.189473684,201.5,2,0,0.126606378,0.708710138,0.164683484,0.7816
4330,2016,CREEK,BRISTOW,19I002,8803,52274.21266,25661.9065,0.094650206,0.203752734,0.295705521,68.5,2.307692308,0,0.130457202,0.729460296,0.140082503,0.7889
4331,2016,CREEK,MANNFORD,19I003,7212,58558.01718,28034.2424,0.049068323,0.129973099,0.403141361,147.4545455,2.636363636,0,0.143816111,0.704637917,0.151545972,0.6652
4332,2016,CREEK,MOUNDS,19I005,3546,58156.76752,28463.4926,0.046747967,0.146625071,0.455421687,587,4,0,0.173327346,0.700942973,0.125729681,0.7308
4333,2016,CREEK,OLIVE,19I017,2520,60251.10132,31836.7712,0.034934498,0.169976172,0.197309417,360,9,0,0.120475113,0.76300905,0.116515837,0.6333
4334,2016,CREEK,KIEFER,19I018,3037,72051.62187,57572.0612,0.049253731,0.130122951,0.279891304,731,2,0,0.203694458,0.678482277,0.117823265,0.5089
4335,2016,CREEK,OILTON,19I020,1568,45553.11973,18593.9026,0.055472264,0.199617347,0.390862944,285,4,0,0.113721805,0.743421053,0.142857143,0.8
4336,2016,CREEK,DEPEW,19I021,1948,59587.89986,78745.7864,0.040659341,0.105208871,0.170588235,180.5,1,0,0.157037037,0.706666667,0.136296296,0.6648
4337,2016,CREEK,KELLYVILLE,19I031,6368,60259.21813,34080.9711,0.043097407,0.170493866,0.315712188,121,2.444444444,0,0.108757062,0.715160075,0.176082863,0.7025
4338,2016,CREEK,SAPULPA,19I033,21592,62074.98782,44933.6577,0.056934454,0.14534085,0.2945845,80.91836735,2.142857143,0,0.176076361,0.675940969,0.14798267,0.6812
4339,2016,CREEK,DRUMRIGHT,19I039,3528,52615.61562,35121.4711,0.05982906,0.145845439,0.440559441,93.33333333,4.5,0,0.174245644,0.672333192,0.153421164,0.8196
4340,2016,CUSTER,ARAPAHO-BUTLER,20I005,1713,63223.37461,65598.5551,0,0.13593455,0.216080402,108.5,1.5,0,0.160608622,0.724429417,0.114961961,0.4309
4341,2016,CUSTER,THOMAS-FAY-CUSTER,20I007,2849,67156.75926,99465.1055,0.014179104,0.190730838,0.197674419,94,2.4,2,0.252947481,0.626473741,0.120578778,0.5
4342,2016,CUSTER,WEATHERFORD,20I026,14201,59883.16888,44082.7954,0.040737894,0.176899463,0.303338171,151.2,1.466666667,0,0.354353133,0.558041768,0.087605099,0.541
4343,2016,CUSTER,CLINTON,20I099,10517,62330.59723,32998.5608,0.03834261,0.15022248,0.405940594,64.25,2.083333333,0,0.205124451,0.601610542,0.193265007,0.8197
4344,2016,DELAWARE,CLEORA,21C006,1981,60048.69848,348975.7571,0.064285714,0.173649672,0.369369369,,0,0,0.208756345,0.689086294,0.10215736,0.575
4345,2016,DELAWARE,LEACH,21C014,813,47607.97342,19575.1036,0.083591331,0.182490752,0.285714286,,0,0,0.200400802,0.663326653,0.136272545,0.7517
4346,2016,DELAWARE,KENWOOD,21C030,477,40163.15789,6569.7317,0.183168317,0.245283019,0.333333333,,0,0,0.153125,0.60625,0.240625,0.7822
4347,2016,DELAWARE,MOSELEY,21C034,2092,44645.17045,38360.6072,0.08988764,0.141772152,0.293785311,244,1,0,0.086437105,0.668306395,0.2452565,0.6721
4348,2016,DELAWARE,JAY,21I001,9706,43602.43763,31146.5925,0.109908214,0.306640008,0.372631579,40.61904762,1.761904762,0,0.114741162,0.677714646,0.207544192,0.7878
4349,2016,DELAWARE,GROVE,21I002,17183,58219.92706,84958.6683,0.073236633,0.14912539,0.372868792,49.22,1.68,0,0.222832723,0.669490232,0.107677045,0.6209
4350,2016,DELAWARE,KANSAS,21I003,4146,48605.38695,15275.0014,0.136264929,0.224242424,0.208994709,218.25,1.75,0,0.112717835,0.718946978,0.168335187,0.7938
4351,2016,DELAWARE,COLCORD,21I004,2951,42311.08132,15583.7331,0.086826347,0.211976863,0.223021583,67.44444444,1.777777778,0,0.072684086,0.720665083,0.206650831,0.9127
4352,2016,DELAWARE,OAKS-MISSION,21I005,1699,49149.24812,17976.6361,0.087186262,0.2,0.3,,0,0,0.167562724,0.681003584,0.151433692,0.6779
4353,2016,DEWEY,VICI,22I005,1752,59549.658,57622.486,0.039630119,0.160966981,0.272727273,68.6,1.4,0,0.240619902,0.65497553,0.104404568,0.4985
4354,2016,DEWEY,SEILING,22I008,1550,71952.98869,221673.59,0.031767956,0.139906729,0.363636364,87.2,2.2,0,0.180358829,0.686496695,0.133144476,0.5161
4355,2016,DEWEY,TALOGA,22I010,1027,87871.35135,618737.1009,0.013833992,0.12027833,0.233766234,,0,0,0.252600297,0.680534918,0.066864785,0.6881
4356,2016,ELLIS,FARGO,23I002,1066,67476.96335,200557.1836,0.061567164,0.087242026,0.083333333,191,1,0,0.170894526,0.73965287,0.089452603,0.7539
4357,2016,ELLIS,ARNETT,23I003,963,87313.33333,138362.7206,0.04185022,0.089192025,0.255102041,70.66666667,1,0,0.246676514,0.630723781,0.122599705,0.4811
4358,2016,ELLIS,GAGE,23I039,778,50675.07886,14398.6296,0.031914894,0.214652956,0.428571429,93,3,0,0.197761194,0.615671642,0.186567164,0.7634
4359,2016,ELLIS,SHATTUCK,23I042,1551,62731.73375,87850.1074,0.06025825,0.183713355,0.312138728,353,4,0,0.239819005,0.666063348,0.094117647,0.5184
4360,2016,GARFIELD,WAUKOMIS,24I001,2441,60584.32836,48210.5434,0.064655172,0.136241007,0.301003344,416,1,0,0.181322427,0.721881391,0.096796183,0.5529
4361,2016,GARFIELD,KREMLIN-HILLSDALE,24I018,1305,98632.40557,100553.9642,0.038626609,0.047509579,0.06547619,317,1,0,0.29022082,0.626708728,0.083070452,0.3912
4362,2016,GARFIELD,CHISHOLM,24I042,4781,89661.5942,64523.5099,0.034965035,0.072299465,0.177238806,341,4.333333333,1,0.265558912,0.662839879,0.071601208,0.303
4363,2016,GARFIELD,GARBER,24I047,1954,63599.36548,123214.7988,0.040860215,0.092630502,0.159624413,31.41666667,1.416666667,0,0.190684134,0.72125182,0.088064047,0.5146
4364,2016,GARFIELD,PIONEER-PLEASANT VALE,24I056,2681,54854.50145,177150.6066,0.060995185,0.187243566,0.415647922,39,1.428571429,0,0.132063882,0.676904177,0.191031941,0.5971
4365,2016,GARFIELD,ENID,24I057,45136,59926.04101,36582.4463,0.059436332,0.135525352,0.332074046,44.87777778,2.1,2,0.216888768,0.63652434,0.146586891,0.7253
4366,2016,GARFIELD,DRUMMOND,24I085,1202,64025.05447,42484.664,0.04302926,0.178036606,0.227941176,307,1,0,0.192959583,0.654498044,0.152542373,0.4886
4367,2016,GARFIELD,COVINGTON-DOUGLAS,24I094,1713,56866.77165,101810.4652,0.030927835,0.167542323,0.344262295,266,1,0,0.195652174,0.6875,0.116847826,0.6992
4368,2016,GARVIN,WHITEBEAD,25C016,1524,67694.01869,33936.8346,0.016438356,0.132149901,0.28742515,,0,0,0.177242888,0.680525164,0.142231947,0.5821
4369,2016,GARVIN,STRATFORD,25I002,3553,46285.38056,20848.1536,0.032994924,0.229102167,0.232323232,39.88888889,2.055555556,0,0.17255075,0.686672551,0.140776699,0.6936
4370,2016,GARVIN,PAOLI,25I005,1159,53007.20721,29663.5933,0.015594542,0.151855047,0.184210526,77.33333333,1.666666667,0,0.192259675,0.707865169,0.099875156,0.7414
4371,2016,GARVIN,MAYSVILLE,25I007,2261,44954.49561,43523.6146,0.026806527,0.224734043,0.30212766,50.14285714,2,0,0.083879423,0.709698558,0.206422018,0.7521
4372,2016,GARVIN,LINDSAY,25I009,6123,59504.84071,63678.7141,0.050524679,0.157920792,0.253918495,180,2.857142857,0,0.122339124,0.741864448,0.135796428,0.5571
4373,2016,GARVIN,PAULS VALLEY,25I018,7036,52454.32053,31592.8887,0.056955471,0.210171479,0.351145038,38.6,2.085714286,1,0.178740837,0.641871496,0.179387667,0.6714
4374,2016,GARVIN,WYNNEWOOD,25I038,4582,54912.52759,133734.2495,0.041535226,0.157871397,0.310869565,50.78571429,1.428571429,0,0.164731723,0.710385943,0.124882334,0.5893
4375,2016,GARVIN,ELMORE CITY-PERNELL,25I072,3322,63596.59751,59418.6662,0.039109912,0.14978903,0.216049383,173.3333333,2.666666667,0,0.162267417,0.697533535,0.140199048,0.5942
4376,2016,GRADY,FRIEND,26C037,1086,83346.88995,51415.6534,0.012915129,0.074585635,0.262626263,,0,0,0.210199005,0.679104478,0.110696517,0.6371
4377,2016,GRADY,MIDDLEBERG,26C096,1551,82860.83189,68871.9594,0.010178117,0.085106383,0.183333333,,0,0,0.237010027,0.663628077,0.099361896,0.4901
4378,2016,GRADY,PIONEER,26C131,1373,62588.88889,26647.7126,0.066852368,0.20611799,0.220338983,193,1,0,0.130612245,0.657142857,0.212244898,0.4715
4379,2016,GRADY,CHICKASHA,26I001,16572,53210.10792,35495.3897,0.05451693,0.172592032,0.341033435,61.575,2.225,2,0.194243955,0.644171779,0.161584266,0.7418
4380,2016,GRADY,MINCO,26I002,2217,57835.19553,114376.4517,0.048181818,0.124041498,0.233766234,554,1,0,0.159974506,0.720203952,0.119821542,0.5686
4381,2016,GRADY,NINNEKAH,26I051,2894,69559.60265,47098.0717,0.042203147,0.166550765,0.392857143,77.85714286,2.714285714,0,0.129065041,0.716971545,0.153963415,0.6862
4382,2016,GRADY,ALEX,26I056,1461,61468.18951,281649.0333,0.0416,0.145790554,0.142857143,,0,0,0.140535373,0.724665392,0.134799235,0.7774
4383,2016,GRADY,RUSH SPRINGS,26I068,2885,47222.90352,48456.9695,0.04122807,0.160041841,0.322222222,286.5,2,0,0.151772341,0.653020469,0.195207189,0.63
4384,2016,GRADY,BRIDGE CREEK,26I095,7900,74057.31523,27332.1621,0.043019266,0.074719959,0.267395626,498,2,0,0.142830081,0.756203826,0.100966092,0.4625
4385,2016,GRADY,TUTTLE,26I097,9015,81664.28814,41140.6572,0.031620553,0.073445697,0.185185185,619.3333333,2,0,0.177521911,0.742567451,0.079910638,0.2713
4386,2016,GRADY,VERDEN,26I099,1385,61581.2253,35417.2879,0.03875969,0.082310469,0.181818182,,0,0,0.170506912,0.646313364,0.183179724,0.7148
4387,2016,GRADY,AMBER-POCASSET,26I128,1903,67741.82622,62023.0838,0.032432432,0.107724645,0.16,,0,0,0.214109926,0.682526661,0.103363413,0.6101
4388,2016,GRANT,MEDFORD,27I054,2037,66999.78118,360726.6572,0.043659044,0.099330932,0.324742268,19.85714286,2.714285714,0,0.238950276,0.671961326,0.089088398,0.6115
4389,2016,GRANT,POND CREEK-HUNTER,27I090,1468,61026.49007,184139.3007,0.045961003,0.103163686,0.268656716,72.4,2.4,0,0.212851406,0.65562249,0.131526104,0.5967
4390,2016,GRANT,DEER CREEK-LAMONT,27I095,822,80912.36842,154908.1576,0.037735849,0.091240876,0.4,,0,0,0.243986254,0.658075601,0.097938144,0.5193
4391,2016,GREER,MANGUM,28I001,3507,51240.81481,22423.0484,0.050679852,0.148115168,0.273170732,107.4285714,1.857142857,0,0.150189314,0.687000421,0.162810265,0.7221
4392,2016,GREER,GRANITE,28I003,2531,48355.76441,34289.0645,0.033766234,0.148148148,0.317365269,93,1.333333333,0,0.099029126,0.747087379,0.153883495,0.6487
4393,2016,HARMON,HOLLIS,29I066,2832,48638.40206,37926.1993,0.079378069,0.172553348,0.327536232,48.27272727,1.545454545,0,0.229058945,0.56204757,0.208893485,0.7458
4394,2016,HARPER,LAVERNE,30I001,2263,71709.91736,94620.3654,0.012003693,0.147149801,0.179282869,248,2.5,0,0.218666667,0.6,0.181333333,0.5504
4395,2016,HARPER,BUFFALO,30I004,1770,50268.47091,81714.8888,0.012150668,0.114450867,0.307142857,135,1,0,0.191878981,0.662420382,0.145700637,0.5963
4396,2016,HASKELL,WHITEFIELD,31C010,852,49962.04986,21265.2145,0.105,0.177856302,0.256097561,,0,0,0.167567568,0.637837838,0.194594595,0.6593
4397,2016,HASKELL,KINTA,31I013,1372,46937.11152,39504.299,0.100591716,0.223760933,0.357723577,204,1,0,0.122641509,0.699161426,0.178197065,1
4398,2016,HASKELL,STIGLER,31I020,6534,44695.13078,21645.1285,0.097467383,0.193283813,0.381443299,69.85,1.8,0,0.119412942,0.66844563,0.212141428,0.6879
4399,2016,HASKELL,McCURTAIN,31I037,1014,45289.94845,22931.4359,0.1015625,0.244554455,0.358333333,229,2,0,0.097922849,0.691394659,0.210682493,0.8515
4400,2016,HASKELL,KEOTA,31I043,2815,48385.19231,16360.2278,0.044044044,0.201287093,0.298969072,211.5,3.5,0,0.09164859,0.662147505,0.246203905,0.8392
4401,2016,HUGHES,MOSS,32I001,1052,63782.21024,65451.2336,0.041564792,0.084210526,0.085365854,,0,0,0.138482024,0.712383489,0.149134487,0.6036
4402,2016,HUGHES,WETUMKA,32I005,2448,44977.28365,25453.1068,0.099497487,0.205434335,0.309012876,58.75,2,0,0.134169279,0.661442006,0.204388715,0.8213
4403,2016,HUGHES,HOLDENVILLE,32I035,7307,45457.09024,37255.8462,0.067116927,0.195900178,0.43083004,140.25,1.25,0,0.100057285,0.652854688,0.247088027,0.7897
4404,2016,HUGHES,CALVIN,32I048,1234,48652.94118,186527.7134,0.064935065,0.165584416,0.317307692,,0,0,0.197571744,0.663355408,0.139072848,0.82
4405,2016,HUGHES,STUART,32I054,1040,62551.15681,88918.4833,0.03902439,0.146435453,0.28440367,141,1,0,0.112426036,0.74556213,0.142011834,0.7518
4406,2016,JACKSON,NAVAJO,33I001,2210,77065.58442,22591.4073,0.031339031,0.11040724,0.154109589,483,1,0,0.357979502,0.562225476,0.079795022,0.4017
4407,2016,JACKSON,DUKE,33I014,566,59270.43478,54974.7576,0.034482759,0.113074205,0.216666667,,0,0,0.252659574,0.67287234,0.074468085,0.3333
4408,2016,JACKSON,ALTUS,33I018,20418,52345.97573,30131.4289,0.08828601,0.175053918,0.361495845,131.4444444,1.962962963,2,0.182210243,0.618790913,0.198998845,0.6207
4409,2016,JACKSON,ELDORADO,33I025,588,50451.83824,99920.8264,0.113744076,0.253401361,0.402777778,,0,0,0.192893401,0.677664975,0.129441624,0.8108
4410,2016,JACKSON,OLUSTEE,33I035,667,52626.41509,29203.4057,0.030927835,0.223903177,0.204545455,,0,0,0.156424581,0.734636872,0.108938547,0.8113
4411,2016,JACKSON,BLAIR,33I054,1752,67619.03448,23551.2718,0.02673147,0.15995397,0.366459627,300,3,0,0.176218991,0.727117194,0.096663815,0.6
4412,2016,JEFFERSON,TERRAL,34C003,504,43418.59296,47486.5929,0.066371681,0.277108434,0.347826087,,0,0,0.083094556,0.727793696,0.189111748,1.0147
4413,2016,JEFFERSON,RYAN,34I001,1098,43770.51887,29498.7249,0.112709832,0.143796992,0.348623853,,0,0,0.112137203,0.672823219,0.215039578,0.7024
4414,2016,JEFFERSON,RINGLING,34I014,2048,47556.51613,32460.4511,0.0628707,0.233938205,0.281818182,106.25,4.25,0,0.125095347,0.711670481,0.163234172,0.7082
4415,2016,JEFFERSON,WAURIKA,34I023,2692,49291.67446,35780.833,0.050293378,0.213618677,0.522633745,68,1.5,0,0.120589784,0.743022643,0.136387572,0.7206
4416,2016,JOHNSTON,MANNSVILLE,35C007,1130,51709.84043,72305.7532,0.058951965,0.185283688,0.31147541,,0,0,0.105834464,0.708276798,0.185888738,0.898
4417,2016,JOHNSTON,RAVIA,35C010,1144,57281.28079,76454.2565,0.019927536,0.15323993,0.223300971,87,1,0,0.15601023,0.625319693,0.218670077,1
4418,2016,JOHNSTON,MILL CREEK,35I002,827,63346.15385,112563.6162,0.041666667,0.117791411,0.309859155,,0,0,0.183739837,0.634146341,0.182113821,0.7778
4419,2016,JOHNSTON,TISHOMINGO,35I020,4805,46330.94512,30707.3255,0.078170237,0.2345162,0.546067416,243.25,2.5,0,0.147674056,0.680299719,0.172026225,0.6824
4420,2016,JOHNSTON,MILBURN,35I029,1437,54495.35354,54860.4822,0.07781457,0.141562064,0.313333333,69.66666667,1,0,0.191402252,0.646878199,0.16171955,0.7895
4421,2016,JOHNSTON,COLEMAN,35I035,1077,59877.46479,61454.9663,0.076115486,0.181058496,0.228571429,29.83333333,1.833333333,0,0.202185792,0.640710383,0.157103825,0.7374
4422,2016,JOHNSTON,WAPANUCKA,35I037,1177,57796.20853,55580.8813,0.081237911,0.180118946,0.462264151,131.5,1.5,0,0.185696361,0.597239649,0.21706399,0.6426
4423,2016,KAY,PECKHAM,36C027,330,77694.02985,374949.995,0.028571429,0.054878049,0.272727273,104,4,0,0.120967742,0.774193548,0.10483871,0.8654
4424,2016,KAY,KILDARE,36C050,1235,74637.96909,215321.2881,0.07079646,0.093268451,0.184466019,,0,0,0.194029851,0.711825488,0.094144661,0.6923
4425,2016,KAY,BLACKWELL,36I045,7748,53030.67692,30479.6993,0.064987815,0.211184211,0.44765343,113.3333333,2.583333333,0,0.138888889,0.695007508,0.166103604,0.7
4426,2016,KAY,PONCA CITY,36I071,28744,56366.69916,54723.5274,0.081239657,0.181269097,0.394562125,54.34375,2.3125,1,0.204519895,0.66491726,0.130562845,0.672
4427,2016,KAY,TONKAWA,36I087,3935,57888.79946,37207.687,0.07537429,0.177474403,0.373913043,81,1.444444444,0,0.212146774,0.646562632,0.141290595,0.5898
4428,2016,KAY,NEWKIRK,36I125,3878,52057.14286,46938.2839,0.075471698,0.177927322,0.36492891,,0,0,0.134529148,0.756726457,0.108744395,0.6851
4429,2016,KINGFISHER,DOVER,37I002,1005,65278.86435,65846.8765,0.079295154,0.084577114,0.40776699,168,1,0,0.179130435,0.657391304,0.163478261,0.8512
4430,2016,KINGFISHER,LOMEGA,37I003,572,83769.02655,108810.1175,0.015151515,0.039076377,0.137254902,,0,0,0.323741007,0.597122302,0.079136691,0.7308
4431,2016,KINGFISHER,KINGFISHER,37I007,6751,67119.38776,56229.5457,0.037701429,0.063604774,0.207715134,145.5,1.7,0,0.208685969,0.685523385,0.105790646,0.5395
4432,2016,KINGFISHER,HENNESSEY,37I016,4380,76709.34826,48147.9144,0.041852182,0.071875725,0.378006873,462,1,0,0.159627774,0.636721546,0.20365068,0.8615
4433,2016,KINGFISHER,CASHION,37I089,2269,75044.53782,123601.5338,0.015652174,0.035351304,0.26953125,172.3333333,1.333333333,0,0.229251701,0.717687075,0.053061224,0.323
4434,2016,KINGFISHER,OKARCHE,37I105,2145,88254.26357,225412.4082,0.00274223,0.077389277,0.061674009,,0,0,0.243902439,0.684281843,0.071815718,0.1954
4435,2016,KIOWA,HOBART,38I001,4064,60297.98936,34740.9066,0.070232307,0.233427182,0.419426049,75.45454545,2,0,0.168835737,0.648610623,0.182553641,0.7229
4436,2016,KIOWA,LONE WOLF,38I002,768,52646.0274,137653.3021,0.014836795,0.135416667,0.425,26.4,1.4,0,0.222222222,0.671794872,0.105982906,0.7727
4437,2016,KIOWA,MOUNTAIN VIEW-GOTEBO,38I003,1591,54340.93407,110770.9023,0.071038251,0.240729101,0.35971223,254,2,0,0.187919463,0.67533557,0.136744966,0.689
4438,2016,KIOWA,SNYDER,38I004,3088,51841.84168,53963.9254,0.034129693,0.16918429,0.224188791,55.5,3.625,0,0.210343113,0.65191447,0.137742417,0.7365
4439,2016,LATIMER,WILBURTON,39I001,5070,54469.02202,29782.5191,0.081914404,0.191946589,0.428315412,51.38888889,2.055555556,0,0.132770066,0.70006035,0.167169584,0.6573
4440,2016,LATIMER,RED OAK,39I002,1708,65101.76849,44257.0579,0.075757576,0.099881797,0.145945946,97.33333333,1,0,0.123916811,0.732235702,0.143847487,0.7671
4441,2016,LATIMER,BUFFALO VALLEY,39I003,1277,54975.27881,46795.1529,0.025641026,0.11981206,0.181034483,,0,0,0.169363538,0.680690399,0.149946063,0.6944
4442,2016,LATIMER,PANOLA,39I004,1244,55599.56803,58955.0016,0.054878049,0.165857605,0.374045802,,0,0,0.141119221,0.672749392,0.186131387,0.7434
4443,2016,LeFLORE,SHADY POINT,40C004,1324,54327.02703,30557.0299,0.083038869,0.186504928,0.267716535,,0,0,0.119158879,0.685747664,0.195093458,0.8844
4444,2016,LeFLORE,MONROE,40C011,1110,59698.4375,47888.0811,0.056206089,0.13,0.19266055,,0,0,0.198973042,0.663671374,0.137355584,0.7391
4445,2016,LeFLORE,HODGEN,40C014,1035,49923.36957,14945.7901,0.03539823,0.265024631,0.112149533,,0,0,0.124824684,0.673211781,0.201963534,0.8677
4446,2016,LeFLORE,FANSHAWE,40C039,676,58874.38017,67804.0139,0.11372549,0.202662722,0.123076923,76,1,0,0.215555556,0.664444444,0.12,0.6316
4447,2016,LeFLORE,SPIRO,40I002,7240,49606.17874,32962.7274,0.066022007,0.228523537,0.317280453,1120,1,0,0.107648725,0.65398624,0.238365034,0.7938
4448,2016,LeFLORE,HEAVENER,40I003,5556,39548.48831,20124.2096,0.108665105,0.292898194,0.329113924,536,2,0,0.093858943,0.644945025,0.261196031,0.7248
4449,2016,LeFLORE,POCOLA,40I007,3908,44287.57436,25702.9221,0.150931677,0.224575163,0.358024691,209.75,2,0,0.099024756,0.785071268,0.115903976,0.7128
4450,2016,LeFLORE,LeFLORE,40I016,1681,56255.28053,24893.3354,0.096774194,0.171326591,0.171270718,116,1,0,0.167557932,0.704099822,0.128342246,0.7457
4451,2016,LeFLORE,CAMERON,40I017,2363,54287.70302,42985.7653,0.088176353,0.24533107,0.309433962,91,1.666666667,0,0.11741683,0.727984344,0.154598826,0.8205
4452,2016,LeFLORE,PANAMA,40I020,3224,42310.82474,29881.0449,0.110169492,0.264385692,0.36440678,102.5714286,1.285714286,0,0.077511962,0.701913876,0.220574163,0.8774
4453,2016,LeFLORE,BOKOSHE,40I026,1324,44737.34694,26431.65,0.117773019,0.278241092,0.426470588,224,1,0,0.091012514,0.730375427,0.178612059,0.9241
4454,2016,LeFLORE,POTEAU,40I029,11386,58332.84653,27080.2506,0.079545455,0.192325305,0.294941634,90.76923077,1.730769231,0,0.224878444,0.637628309,0.137493247,0.5407
4455,2016,LeFLORE,WISTER,40I049,2134,47031.477,15621.7703,0.085450346,0.213276836,0.35,302.5,1,0,0.096551724,0.731034483,0.172413793,0.6446
4456,2016,LeFLORE,TALIHINA,40I052,2237,39943.82423,11537.5185,0.143039591,0.299182299,0.412556054,308,1,0,0.164622337,0.637185281,0.198192382,0.7597
4457,2016,LeFLORE,WHITESBORO,40I062,953,42582.07071,21306.9804,0.109144543,0.163693599,0.268817204,67.33333333,1.333333333,0,0.184100418,0.662482566,0.153417015,0.8564
4458,2016,LeFLORE,HOWE,40I067,1859,48599.50083,12958.0678,0.073275862,0.260892953,0.40625,119.4,1,0,0.089085072,0.677367576,0.233547352,0.8459
4459,2016,LeFLORE,ARKOMA,40I091,2031,36394.30605,17031.5309,0.159574468,0.297558494,0.368932039,,0,0,0.105479452,0.673972603,0.220547945,0.8141
4460,2016,LINCOLN,WHITE ROCK,41C005,1493,52046.2867,53501.2642,0.085669782,0.16969697,0.147540984,,0,0,0.146639511,0.707739308,0.145621181,0.8182
4461,2016,LINCOLN,CHANDLER,41I001,5964,53307.81857,32016.1463,0.079969243,0.167767733,0.347639485,202.8333333,1.5,0,0.148696985,0.727133367,0.124169647,0.4881
4462,2016,LINCOLN,DAVENPORT,41I003,1862,53313.8546,43396.0045,0.082983193,0.19201726,0.325714286,130.6666667,1.333333333,0,0.092105263,0.72755418,0.180340557,0.6046
4463,2016,LINCOLN,WELLSTON,41I004,3126,58001.14848,26674.0221,0.080753701,0.15727098,0.208571429,328,1,0,0.166666667,0.693655303,0.13967803,0.5442
4464,2016,LINCOLN,STROUD,41I054,4500,55994.51836,289329.8847,0.094682836,0.139398054,0.310810811,138.3333333,2,0,0.110543131,0.716932907,0.172523962,0.594
4465,2016,LINCOLN,MEEKER,41I095,5169,69693.88084,23814.4661,0.05097706,0.110479922,0.20035461,142.5,2.166666667,0,0.186354666,0.673526924,0.14011841,0.5906
4466,2016,LINCOLN,PRAGUE,41I103,5782,69584.81675,29928.4073,0.028104823,0.087451805,0.255775578,116.3333333,1.333333333,0,0.136306374,0.731670446,0.13202318,0.5979
4467,2016,LINCOLN,CARNEY,41I105,1219,50427.5395,28213.5568,0.137295082,0.259228876,0.198275862,238,2,0,0.086734694,0.727040816,0.18622449,0.8025
4468,2016,LINCOLN,AGRA,41I134,1630,75720.84871,22471.3924,0.06312769,0.170292107,0.207446809,,0,0,0.101434426,0.733606557,0.164959016,0.855
4469,2016,LOGAN,GUTHRIE,42I001,23232,62800.20619,39302.951,0.059712428,0.144002125,0.307220387,35.38,1.74,2,0.223465819,0.674467409,0.102066773,0.6297
4470,2016,LOGAN,CRESCENT,42I002,3456,60053.32359,37706.432,0.033355134,0.099531616,0.293604651,127,1,0,0.161382114,0.741463415,0.097154472,0.5764
4471,2016,LOGAN,MULHALL-ORLANDO,42I003,1464,65287.52228,119143.0464,0.097372488,0.163799036,0.227586207,255,1,0,0.153179191,0.716763006,0.130057803,0.5725
4472,2016,LOGAN,COYLE,42I014,3940,58869.61927,63969.9804,0.119234544,0.188227888,0.232931727,332,1,0,0.250743731,0.629409265,0.119847004,0.6988
4473,2016,LOVE,GREENVILLE,43C003,1041,59320.4611,57298.9961,0.040780142,0.153474903,0.314606742,,0,0,0.167142857,0.712857143,0.12,0.8074
4474,2016,LOVE,THACKERVILLE,43I004,1579,48123.14815,114234.0121,0.042397661,0.117162761,0.340740741,89.25,3.5,0,0.095238095,0.737179487,0.167582418,0.6751
4475,2016,LOVE,TURNER,43I005,2316,63402.84653,62477.4137,0.01761658,0.094331458,0.132653061,,0,0,0.181818182,0.674001158,0.14418066,0.519
4476,2016,LOVE,MARIETTA,43I016,4558,53311.59122,27980.6894,0.049635036,0.16342064,0.320754717,267.25,1,0,0.13338114,0.699533883,0.167084977,0.7661
4477,2016,MAJOR,RINGWOOD,44I001,1962,72031.562,45206.0095,0.05942623,0.069731405,0.102941176,414,1,0,0.184763573,0.680385289,0.134851138,0.5918
4478,2016,MAJOR,ALINE-CLEO,44I004,1107,71366.37363,114406.0766,0.036876356,0.111111111,0.298387097,154,1,0,0.116531165,0.788617886,0.094850949,0.5779
4479,2016,MAJOR,FAIRVIEW,44I084,3734,62612.53165,50420.0877,0.04735376,0.19884963,0.343324251,66.54545455,2.909090909,1,0.174262735,0.698199923,0.127537342,0.5574
4480,2016,MAJOR,CIMARRON,44I092,1972,63289.45313,81787.6853,0.0562249,0.090539166,0.138248848,89.66666667,1.333333333,0,0.202389843,0.725914862,0.071695295,0.4796
4481,2016,MARSHALL,MADILL,45I002,8387,52391.54837,35843.1844,0.063007031,0.139370271,0.295180723,144.5833333,2.166666667,1,0.144964029,0.626079137,0.228956835,0.7239
4482,2016,MARSHALL,KINGSTON,45I003,7627,51700.98774,53645.3184,0.092095977,0.200079872,0.367003367,100.75,1.5,0,0.122988718,0.701683004,0.175328278,0.9479
4483,2016,MAYES,SPAVINAW,46C021,1140,41616.83367,16030.881,0.052238806,0.249777778,0.371681416,,0,0,0.081018519,0.747685185,0.171296296,0.8642
4484,2016,MAYES,WICKLIFFE,46C035,720,45888.01498,15309.7816,0.095394737,0.225,0.265060241,,0,0,0.053359684,0.747035573,0.199604743,0.8017
4485,2016,MAYES,OSAGE,46C043,595,64050.37313,118480.337,0,0.084033613,0.22,,0,0,0.207264957,0.707264957,0.085470085,0.6406
4486,2016,MAYES,PRYOR,46I001,14266,53970.427,157814.1155,0.06998218,0.227262861,0.310548026,213,2.230769231,0,0.208310671,0.6754052,0.116284129,0.5749
4487,2016,MAYES,ADAIR,46I002,4943,64061.92609,28239.0168,0.05,0.119366125,0.35828877,1036,4,0,0.169152745,0.725238663,0.105608592,0.5309
4488,2016,MAYES,SALINA,46I016,3814,43929.30495,23450.246,0.06590621,0.264414052,0.408488064,75.09090909,2.363636364,0,0.128900446,0.690936107,0.180163447,0.8136
4489,2016,MAYES,LOCUST GROVE,46I017,6563,46812.94609,21922.0169,0.090213049,0.195345989,0.230136986,372.5,3.5,0,0.120528594,0.725677831,0.153793575,0.9658
4490,2016,MAYES,CHOUTEAU-MAZIE,46I032,6115,51163.06793,57785.6677,0.055774044,0.274427927,0.321533923,148.3333333,2.666666667,0,0.158203623,0.68206175,0.159734626,0.7607
4491,2016,McCLAIN,NEWCASTLE,47I001,8917,84294.46917,47116.6002,0.033236672,0.065263869,0.265017668,527.5,2,0,0.300862069,0.611034483,0.088103448,0.3095
4492,2016,McCLAIN,DIBBLE,47I002,3453,58554.7138,27626.3395,0.021818182,0.103418054,0.334158416,65.4,2.7,0,0.115173675,0.671389397,0.213436929,0.5566
4493,2016,McCLAIN,WASHINGTON,47I005,3947,84212.91291,27739.092,0.022011006,0.033443121,0.219844358,,0,0,0.218882466,0.682466281,0.098651252,0.3118
4494,2016,McCLAIN,WAYNE,47I010,3445,60704.55581,40464.8837,0.041558442,0.155438903,0.334224599,89.16666667,2.666666667,2,0.196602972,0.650530786,0.152866242,0.7383
4495,2016,McCLAIN,PURCELL,47I015,7689,58420.5163,29359.9964,0.057840617,0.170337739,0.239030023,96.46666667,2.266666667,1,0.17540478,0.626638396,0.197956823,0.5681
4496,2016,McCLAIN,BLANCHARD,47I029,8847,69686.75902,29083.3948,0.047992165,0.12251618,0.236424394,971,3,0,0.227556666,0.711047653,0.061395681,0.4248
4497,2016,McCURTAIN,FOREST GROVE,48C001,938,55189.7019,43789.0819,0.06372549,0.231590181,0.439252336,,0,0,0.191419142,0.658415842,0.150165017,0.8764
4498,2016,McCURTAIN,LUKFATA,48C009,1189,43752.02429,16951.5552,0.095032397,0.216148024,0.333333333,,0,0,0.121506683,0.660996355,0.217496962,0.5979
4499,2016,McCURTAIN,GLOVER,48C023,772,44669.42446,39090.9075,0.057142857,0.237971391,0.358695652,,0,0,0.126760563,0.665995976,0.207243461,1
4500,2016,McCURTAIN,DENISON,48C037,1590,53930.2439,20244.2672,0.060085837,0.201653944,0.49704142,325,1,0,0.134328358,0.699626866,0.166044776,0.5846
4501,2016,McCURTAIN,HOLLY CREEK,48C072,1385,50035.9596,11977.8552,0.06133829,0.2433213,0.108374384,,0,0,0.14785553,0.648984199,0.203160271,0.7156
4502,2016,McCURTAIN,IDABEL,48I005,7570,39589.57299,21037.7683,0.069032888,0.342318801,0.561160151,56.81818182,1.636363636,0,0.181270764,0.628737542,0.189991694,1
4503,2016,McCURTAIN,HAWORTH,48I006,2474,47857.61079,13331.4762,0.068773234,0.189826303,0.379464286,83.28571429,1.142857143,0,0.101230425,0.686800895,0.21196868,0.8113
4504,2016,McCURTAIN,VALLIANT,48I011,4658,49662.90323,85425.7017,0.114616193,0.239357081,0.373406193,81.45454545,2.909090909,0,0.106535058,0.692307692,0.20115725,0.7757
4505,2016,McCURTAIN,EAGLETOWN,48I013,1291,40444.4668,41953.6004,0.124168514,0.259026688,0.263513514,37.25,1.25,0,0.096774194,0.737156511,0.166069295,0.8054
4506,2016,McCURTAIN,SMITHVILLE,48I014,1790,48025.45455,28506.2076,0.119727891,0.163128492,0.266272189,,0,0,0.130153597,0.70978173,0.160064673,0.8172
4507,2016,McCURTAIN,WRIGHT CITY,48I039,1507,43567.85137,8817.6333,0.085664336,0.198539177,0.312883436,115.75,1.75,0,0.110136452,0.691033138,0.198830409,0.8078
4508,2016,McCURTAIN,BATTIEST,48I071,1512,47132.27017,43480.6521,0.030075188,0.225464191,0.195121951,139,1.5,0,0.138429752,0.72107438,0.140495868,0.8058
4509,2016,McCURTAIN,BROKEN BOW,48I074,7083,42598.69138,31792.6538,0.091546943,0.244622885,0.412782956,56.66666667,2.433333333,0,0.123311173,0.688398027,0.1882908,0.8071
4510,2016,McINTOSH,RYAL,49C003,278,56440.81633,9642.5772,0.146341463,0.194244604,0.052631579,,0,0,0.051162791,0.790697674,0.158139535,0.8852
4511,2016,McINTOSH,STIDHAM,49C016,579,42899.09502,19506.7035,0.095238095,0.216027875,0.222222222,,0,0,0.120512821,0.674358974,0.205128205,0.8942
4512,2016,McINTOSH,EUFAULA,49I001,7611,45990.85439,41923.6667,0.091514727,0.209040315,0.404669261,62.31578947,2.736842105,0,0.146895595,0.704474506,0.148629899,0.7365
4513,2016,McINTOSH,CHECOTAH,49I019,10507,49833.75447,36865.8371,0.125641652,0.208657261,0.306182532,97.5625,2.25,0,0.133135696,0.68346584,0.183398464,0.7809
4514,2016,McINTOSH,MIDWAY,49I027,1375,44740.13267,28261.1745,0.038461538,0.18255132,0.289655172,117.5,1,0,0.137860082,0.641975309,0.220164609,0.8596
4515,2016,McINTOSH,HANNA,49I064,545,51607.9602,36696.9104,0.064676617,0.317490494,0.29787234,22.6,1.2,0,0.157142857,0.608571429,0.234285714,0.823
4516,2016,MURRAY,SULPHUR,50I001,7991,54291.25874,24397.6727,0.040473062,0.17698423,0.363847045,74.47619048,4.285714286,0,0.201194138,0.605572643,0.193233219,0.5908
4517,2016,MURRAY,DAVIS,50I010,5030,57192.37288,71771.3128,0.032718894,0.132140679,0.221052632,153.7142857,2,0,0.184927361,0.643159806,0.171912833,0.5074
4518,2016,MUSKOGEE,WAINWRIGHT,51C009,721,46852.36364,30944.0923,0.055016181,0.216968011,0.316455696,,0,0,0.125256674,0.724845996,0.149897331,0.8571
4519,2016,MUSKOGEE,HASKELL,51I002,6884,63104.06593,30018.4016,0.091841284,0.223747981,0.226449275,836,4,0,0.126760563,0.690923318,0.182316119,0.6986
4520,2016,MUSKOGEE,FORT GIBSON,51I003,7241,71856.01629,67650.2399,0.066666667,0.13915493,0.300230947,231.875,1.75,0,0.262015818,0.683634151,0.05435003,0.4712
4521,2016,MUSKOGEE,WEBBERS FALLS,51I006,1829,53413.0137,28814.8296,0.091703057,0.227047828,0.345238095,,0,0,0.160645657,0.639508071,0.199846272,0.8616
4522,2016,MUSKOGEE,OKTAHA,51I008,2412,63621.64352,12511.7023,0.064236111,0.094605809,0.164658635,186.25,1.25,0,0.144810441,0.734617775,0.120571784,0.7544
4523,2016,MUSKOGEE,MUSKOGEE,51I020,38634,46758.25397,45526.045,0.087719298,0.268219688,0.46464891,59.2038835,2.097087379,1,0.181843676,0.656303834,0.16185249,0.7986
4524,2016,MUSKOGEE,HILLDALE,51I029,7113,68612.70217,25525.3381,0.057247259,0.090320765,0.232303091,208,1.333333333,0,0.257569012,0.662956367,0.079474622,0.5438
4525,2016,MUSKOGEE,BRAGGS,51I046,1088,49870.56277,32025.0083,0.046620047,0.150925926,0.30952381,64.66666667,4,0,0.123798077,0.741586538,0.134615385,0.7732
4526,2016,MUSKOGEE,WARNER,51I074,3714,56249.45295,17326.3434,0.093440594,0.151865009,0.370466321,158.4,1.8,0,0.183339976,0.682742128,0.133917896,0.6995
4527,2016,MUSKOGEE,PORUM,51I088,2111,38531.2009,12037.5355,0.112412178,0.274453941,0.334883721,167.6666667,2.666666667,0,0.084615385,0.705594406,0.20979021,0.7197
4528,2016,NOBLE,PERRY,52I001,6723,62022.2028,48552.2353,0.06010929,0.130316742,0.193850267,99.66666667,1.916666667,0,0.259180641,0.625557207,0.115262152,0.5644
4529,2016,NOBLE,BILLINGS,52I002,814,46592.20779,176106.8064,0.112328767,0.273955774,0.291666667,83,2,0,0.122149837,0.744299674,0.133550489,0.8916
4530,2016,NOBLE,FRONTIER,52I004,1444,59657.86517,225005.0394,0.067771084,0.199029126,0.413793103,98,1.75,0,0.118362832,0.764380531,0.117256637,0.824
4531,2016,NOBLE,MORRISON,52I006,2875,74864.91387,66729.259,0.067901235,0.097382199,0.171745152,142.75,1,0,0.256022409,0.647058824,0.096918768,0.5622
4532,2016,NOWATA,OKLAHOMA UNION,53I003,2884,51921.19026,30598.1633,0.105882353,0.180865922,0.349112426,165.25,1.25,0,0.11419909,0.727134917,0.158665993,0.5507
4533,2016,NOWATA,NOWATA,53I040,5997,47637.32057,31061.2069,0.070690368,0.205154818,0.341194969,47.95,1.95,0,0.132715296,0.706513784,0.16077092,0.7497
4534,2016,NOWATA,SOUTH COFFEYVILLE,53I051,1457,57263.26165,30036.8417,0.064350064,0.126973233,0.255952381,132,10.5,0,0.172344689,0.741482966,0.086172345,0.678
4535,2016,OKFUSKEE,BEARDEN,54C029,646,61357.62712,44937.4499,0.036363636,0.15600624,0.274509804,,0,0,0.092243187,0.744234801,0.163522013,0.6842
4536,2016,OKFUSKEE,MASON,54I002,891,59675.14124,18586.3763,0.096938776,0.106621773,0.157894737,294,1,0,0.148367953,0.691394659,0.160237389,0.7653
4537,2016,OKFUSKEE,PADEN,54I014,1849,50164.84848,75741.5418,0.074020319,0.201216142,0.266666667,,0,0,0.074915825,0.733164983,0.191919192,0.6767
4538,2016,OKFUSKEE,OKEMAH,54I026,6279,42711.93949,28878.1726,0.103326613,0.295282146,0.457685665,95,1.777777778,0,0.139367816,0.636733716,0.223898467,0.793
4539,2016,OKFUSKEE,WELEETKA,54I031,2240,47764.16979,34050.032,0.116550117,0.26854802,0.314136126,,0,0,0.111185087,0.722370173,0.16644474,0.8971
4540,2016,OKFUSKEE,GRAHAM-DUSTIN,54I054,1342,59103.41151,34704.9223,0.063829787,0.241791045,0.424528302,,0,0,0.094130676,0.749723145,0.156146179,0.8441
4541,2016,OKLAHOMA,OAKDALE,55C029,3967,213883.638,154339.7095,0.030759952,0.038346478,0.04130809,,0,0,0.620577471,0.337942253,0.041480277,0.1343
4542,2016,OKLAHOMA,CRUTCHO,55C074,2581,32736.20523,37888.416,0.097039474,0.339016653,0.738461538,135.6666667,1,0,0.109395109,0.728442728,0.162162162,0.9754
4543,2016,OKLAHOMA,PUTNAM CITY,55I001,126181,63930.74982,52049.838,0.061196931,0.163102702,0.4299696,208.2258065,1.956989247,6,0.31903466,0.581374159,0.099591181,0.7632
4544,2016,OKLAHOMA,LUTHER,55I003,5681,91191.86391,105905.2175,0.016835017,0.101740057,0.223529412,221.5,1.25,0,0.229451138,0.684337349,0.086211513,0.6038
4545,2016,OKLAHOMA,CHOCTAW-NICOMA PARK,55I004,29768,83596.43808,38045.6017,0.038314443,0.061241016,0.22295475,436.2307692,1.769230769,0,0.272318406,0.637392398,0.090289196,0.4634
4546,2016,OKLAHOMA,DEER CREEK,55I006,23741,142656.6285,66279.74,0.03811163,0.039354102,0.115469613,402,1.357142857,0,0.595690748,0.383963712,0.020345541,0.0913
4547,2016,OKLAHOMA,HARRAH,55I007,11388,65434.34151,37572.4483,0.04362755,0.122504047,0.242658423,711.3333333,1.666666667,0,0.19221444,0.70231681,0.10546875,0.5286
4548,2016,OKLAHOMA,JONES,55I009,5561,73424.22392,33602.0077,0.061991476,0.115342163,0.273214286,378.6666667,4,0,0.176019058,0.709899418,0.114081525,0.5634
4549,2016,OKLAHOMA,EDMOND,55I012,145443,101694.0203,77419.4324,0.032740696,0.080982342,0.216113435,631.4210526,1.684210526,0,0.521566195,0.440765135,0.03766867,0.2672
4550,2016,OKLAHOMA,MILLWOOD,55I037,2884,70456.3591,49115.5997,0.047826087,0.098601649,0.351515152,154.3333333,2.5,0,0.334031852,0.558256496,0.107711651,0.9903
4551,2016,OKLAHOMA,WESTERN HEIGHTS,55I041,15705,45215.77325,98680.6208,0.081656497,0.20627572,0.460612691,296.3076923,1.692307692,1,0.113785558,0.677939129,0.208275313,0.9252
4552,2016,OKLAHOMA,MIDWEST CITY-DEL CITY,55I052,80343,56255.19309,35589.6369,0.067321254,0.156742814,0.448444032,217.5223881,1.746268657,6,0.198100044,0.69738326,0.104516696,0.694
4553,2016,OKLAHOMA,CROOKED OAK,55I053,2405,36428.9011,56576.5434,0.103042198,0.311120727,0.601476015,,0,0,0.074636724,0.569352708,0.356010568,0.9593
4554,2016,OKLAHOMA,BETHANY,55I088,3261,44944.23408,8499.9195,0.04614486,0.222743682,0.298245614,828,4,0,0.282007896,0.582628314,0.13536379,0.4069
4555,2016,OKLAHOMA,OKLAHOMA CITY,55I089,293970,53956.07694,50805.1324,0.077638422,0.275384562,0.466194462,184.475,2.066666667,40,0.223941125,0.546900646,0.229158229,0.833
4556,2016,OKMULGEE,TWIN HILLS,56C011,1616,57178.29716,21441.21,0.06455542,0.118811881,0.236363636,354,2,0,0.173126615,0.684754522,0.142118863,0.6977
4557,2016,OKMULGEE,OKMULGEE,56I001,14341,41844.82759,36814.8984,0.148905109,0.270051845,0.5708061,193.875,2.5,0,0.167396061,0.701859956,0.130743982,0.9201
4558,2016,OKMULGEE,HENRYETTA,56I002,7280,46388.8969,22963.6485,0.131083481,0.232323232,0.395962733,178.8571429,3.857142857,0,0.134014173,0.716965402,0.149020425,0.7796
4559,2016,OKMULGEE,MORRIS,56I003,4300,62350.98814,17924.1252,0.06073649,0.162529274,0.390804598,216.8,2.4,0,0.149632353,0.76875,0.081617647,0.6328
4560,2016,OKMULGEE,BEGGS,56I004,5188,61360.61033,30883.0312,0.044839583,0.130376085,0.302419355,1130,6,0,0.14471243,0.714020673,0.141266896,0.7204
4561,2016,OKMULGEE,PRESTON,56I005,1077,66033.33333,13267.407,0.069958848,0.145775302,0.50862069,598,1,0,0.236130868,0.688477952,0.075391181,0.5736
4562,2016,OKMULGEE,SCHULTER,56I006,787,46191.29032,27843.97,0.069536424,0.279845956,0.391891892,68.5,2,0,0.125714286,0.685714286,0.188571429,0.8905
4563,2016,OKMULGEE,WILSON,56I007,954,61772.99703,17622.4506,0.100961538,0.051362683,0.213483146,236,1,0,0.149460709,0.73651772,0.114021572,0.822
4564,2016,OKMULGEE,DEWAR,56I008,1398,49160.97087,10069.4745,0.109816972,0.184248555,0.320652174,433,1,0,0.125144844,0.726535342,0.148319815,0.6397
4565,2016,OSAGE,OSAGE HILLS,57C003,1533,71586.4726,106591.2536,0.029666255,0.045009785,0.258426966,,0,0,0.197093551,0.675749319,0.12715713,0.5714
4566,2016,OSAGE,BOWRING,57C007,522,57473.39056,92467.3597,0.073529412,0.164092664,0.395348837,,0,0,0.168865435,0.672823219,0.158311346,0.7308
4567,2016,OSAGE,AVANT,57C035,1456,58568.26923,119168.5881,0.053030303,0.171703297,0.122093023,,0,0,0.17167382,0.706008584,0.122317597,0.8718
4568,2016,OSAGE,ANDERSON,57C052,2922,79039.54128,74683.4463,0.069011281,0.092744695,0.142259414,,0,0,0.182401467,0.716773602,0.100824931,0.5674
4569,2016,OSAGE,McCORD,57C077,2062,63564.30206,36750.5624,0.057569296,0.107177498,0.14973262,285,1,0,0.158792651,0.758530184,0.082677165,0.5544
4570,2016,OSAGE,PAWHUSKA,57I002,4767,45637.75755,40063.2491,0.065588915,0.178742907,0.418556701,62.53846154,2,1,0.070002893,0.836563494,0.093433613,0.7515
4571,2016,OSAGE,SHIDLER,57I011,1524,51780.95238,158985.1762,0.050986842,0.158034529,0.280254777,236,2,0,0.088021779,0.774954628,0.137023593,0.6864
4572,2016,OSAGE,BARNSDALL,57I029,2345,58642.45989,52123.7611,0.02034588,0.1484375,0.286343612,61.85714286,1.857142857,0,0.15942928,0.714640199,0.125930521,0.5681
4573,2016,OSAGE,WYNONA,57I030,747,51711.80328,80803.2864,0.070945946,0.169127517,0.207792208,110,1,0,0.088062622,0.757338552,0.154598826,0.8273
4574,2016,OSAGE,HOMINY,57I038,4310,46083.69723,36225.4523,0.098055105,0.208096142,0.503401361,75.125,2.125,0,0.112377335,0.710667933,0.176954733,0.777
4575,2016,OSAGE,PRUE,57I050,2897,54790.33728,48907.6869,0.074958814,0.179841215,0.304511278,343,1,0,0.14242116,0.694811801,0.16276704,0.8776
4576,2016,OSAGE,WOODLAND,57I090,2638,45610.22727,58859.3199,0.111619396,0.243639167,0.313432836,216.5,1.5,0,0.125611746,0.700924415,0.173463839,0.8291
4577,2016,OTTAWA,TURKEY FORD,58C010,1248,52908.38446,69789.5172,0.125,0.155158408,0.177570093,,0,0,0.155405405,0.681306306,0.163288288,0.6989
4578,2016,OTTAWA,WYANDOTTE,58I001,4315,51609.95698,24384.6246,0.091842247,0.181924334,0.265356265,80.8,2,0,0.145053476,0.680481283,0.174465241,0.6584
4579,2016,OTTAWA,QUAPAW,58I014,3209,49413.21627,34452.9177,0.123853211,0.243662864,0.316216216,80.25,3.5,0,0.086977186,0.750475285,0.162547529,0.7523
4580,2016,OTTAWA,COMMERCE,58I018,4014,38429.81771,25304.1155,0.125737898,0.27352637,0.429667519,59.33333333,1.733333333,0,0.095397179,0.672976986,0.231625835,0.8079
4581,2016,OTTAWA,MIAMI,58I023,15247,46083.78706,25724.1434,0.086280662,0.232503458,0.437943262,47.74,2.44,0,0.158342078,0.690870934,0.150786988,0.677
4582,2016,OTTAWA,AFTON,58I026,2807,47367.37968,33812.0038,0.070928196,0.262669522,0.341772152,138.75,1.5,0,0.133161954,0.700771208,0.166066838,0.8072
4583,2016,OTTAWA,FAIRLAND,58I031,2945,45459.42907,25935.3547,0.077574048,0.193537298,0.261764706,319,3.5,0,0.117501239,0.76747645,0.11502231,0.6411
4584,2016,PAWNEE,JENNINGS,59C002,783,47671.89349,25735.2233,0.07073955,0.191958495,0.253731343,216,1,0,0.087431694,0.765027322,0.147540984,0.7731
4585,2016,PAWNEE,PAWNEE,59I001,4333,50975.04456,36173.612,0.060381356,0.132561437,0.354961832,102.2857143,1.285714286,0,0.204806688,0.685127133,0.110066179,0.7067
4586,2016,PAWNEE,CLEVELAND,59I006,9065,61090.99827,30417.9012,0.070585401,0.128196538,0.276530612,120.5,1.714285714,0,0.160350767,0.701534607,0.138114626,0.7172
4587,2016,PAYNE,OAK GROVE,60C104,694,60470.16949,32140.6606,0.047619048,0.148905109,0.223880597,,0,0,0.184804928,0.68788501,0.127310062,0.5376
4588,2016,PAYNE,RIPLEY,60I003,2387,59499.3014,43974.4007,0.045762712,0.137829912,0.261290323,162.3333333,1.666666667,0,0.226051402,0.634345794,0.139602804,0.7372
4589,2016,PAYNE,STILLWATER,60I016,53865,53670.51657,61039.2822,0.065597083,0.3076609,0.314310799,79.38461538,1.897435897,3,0.483025702,0.466533082,0.050441216,0.4709
4590,2016,PAYNE,PERKINS-TRYON,60I056,8127,52654.60592,38499.8979,0.040117417,0.217536071,0.417231365,140.2727273,2.272727273,0,0.230401331,0.649823248,0.119775421,0.4277
4591,2016,PAYNE,CUSHING,60I067,10101,54593.49176,154951.1273,0.066551639,0.182723186,0.360320285,205.6666667,1.666666667,0,0.127719821,0.676900149,0.19538003,0.6002
4592,2016,PAYNE,GLENCOE,60I101,2106,72390.57325,55557.3354,0.03649635,0.067901235,0.188118812,177.5,2,0,0.247407407,0.711111111,0.041481481,0.707
4593,2016,PAYNE,YALE,60I103,2714,62392.08294,46848.1701,0.097942387,0.15847802,0.280334728,143.6666667,2.666666667,0,0.19816909,0.653204093,0.148626817,0.6265
4594,2016,PITTSBURG,KREBS,61C009,3179,61295.60524,65789.4523,0.049731183,0.137996219,0.208715596,137.3333333,2.333333333,0,0.265901483,0.62745098,0.106647537,0.7257
4595,2016,PITTSBURG,FRINK-CHAMBERS,61C029,1956,87564.41137,46801.1343,0.045940171,0.047441365,0.243478261,445,2,0,0.265232975,0.64516129,0.089605735,0.5663
4596,2016,PITTSBURG,TANNEHILL,61C056,956,73010.51213,62658.1798,0.038793103,0.066945607,0.224,168,4,0,0.181551977,0.727672035,0.090775988,0.7738
4597,2016,PITTSBURG,HAYWOOD,61C088,1147,62627.91209,101375.2799,0.094717668,0.137719298,0.221374046,131,3,0,0.175866496,0.718870347,0.105263158,0.8321
4598,2016,PITTSBURG,HARTSHORNE,61I001,3717,68974.60815,22532.6399,0.052216151,0.140273973,0.324034335,267.3333333,2,0,0.160220994,0.711917916,0.127861089,0.6197
4599,2016,PITTSBURG,CANADIAN,61I002,4366,53796.17898,74182.0312,0.058715596,0.194829178,0.251162791,,0,0,0.147704591,0.657542059,0.19475335,0.8166
4600,2016,PITTSBURG,HAILEYVILLE,61I011,2358,52213.79648,39591.4818,0.070979335,0.194195476,0.483018868,116.6666667,1.666666667,0,0.130922693,0.756857855,0.112219451,0.8457
4601,2016,PITTSBURG,KIOWA,61I014,1926,51696.14767,228436.5988,0.077981651,0.227831715,0.42408377,,0,0,0.11663067,0.724262059,0.159107271,0.607
4602,2016,PITTSBURG,QUINTON,61I017,2333,45320.19651,30222.7083,0.058016878,0.229030856,0.246428571,158.3333333,1.333333333,0,0.080130293,0.731596091,0.188273616,0.8442
4603,2016,PITTSBURG,INDIANOLA,61I025,1771,62453.84615,84293.3634,0.06340819,0.148948266,0.238888889,55.25,1.5,0,0.138662316,0.721044046,0.140293638,0.7466
4604,2016,PITTSBURG,CROWDER,61I028,2553,59430.1701,45476.9416,0.041389505,0.135326515,0.250814332,241.5,1,0,0.144989339,0.740405117,0.114605544,0.7226
4605,2016,PITTSBURG,SAVANNA,61I030,1280,63587.28972,28048.7401,0.049844237,0.125,0.352517986,124,1,0,0.183035714,0.709821429,0.107142857,0.6694
4606,2016,PITTSBURG,PITTSBURG,61I063,730,51527.79783,30836.8731,0.062706271,0.171787709,0.257575758,40.5,3.25,0,0.110887097,0.725806452,0.163306452,0.7037
4607,2016,PITTSBURG,McALESTER,61I080,17895,50880.20035,29839.4362,0.068052429,0.239055981,0.427431421,100.8387097,1.903225806,0,0.155519215,0.677269011,0.167211774,0.6871
4608,2016,PONTOTOC,ALLEN,62I001,2321,59029.05983,48125.1175,0.084812623,0.170742358,0.237704918,250.5,1.5,0,0.162761241,0.706143129,0.13109563,0.8244
4609,2016,PONTOTOC,VANOSS,62I009,4330,57232.79893,32290.5311,0.089492207,0.132075472,0.204545455,56.3,3.3,2,0.192584964,0.655681428,0.151733608,0.6448
4610,2016,PONTOTOC,BYNG,62I016,8528,61854.64081,29650.2742,0.039119804,0.137824328,0.449019608,114.625,2.1875,0,0.253787879,0.619408369,0.126803752,0.6031
4611,2016,PONTOTOC,ADA,62I019,15411,46836.27696,38544.835,0.072625698,0.25263084,0.442822384,40.11940299,2.641791045,2,0.322243346,0.549852134,0.12790452,0.6492
4612,2016,PONTOTOC,LATTA,62I024,3778,64620.32885,30067.158,0.029661017,0.155360468,0.325884544,125.1428571,1.571428571,0,0.306597671,0.628719276,0.064683053,0.4703
4613,2016,PONTOTOC,STONEWALL,62I030,3032,56327.73913,66144.1801,0.064853556,0.128016086,0.233429395,239.5,6,0,0.237378641,0.676699029,0.08592233,0.7891
4614,2016,PONTOTOC,ROFF,62I037,1668,65035.95113,50417.3231,0.051612903,0.158243081,0.252293578,333,1,0,0.206319703,0.687732342,0.105947955,0.7718
4615,2016,POTTAWATOMIE,NORTH ROCK CREEK,63C010,2986,63235.45627,67766.59,0.070860448,0.153716216,0.234042553,590,2,0,0.182795699,0.717008798,0.100195503,0.5034
4616,2016,POTTAWATOMIE,GROVE,63C027,4344,100813.9804,91836.7971,0.036259542,0.030952381,0.194782609,230.5,1,0,0.453324599,0.523747134,0.022928267,0.2343
4617,2016,POTTAWATOMIE,PLEASANT GROVE,63C029,502,112900,12309.9906,0.059701493,0.129482072,0.558823529,298,1,0,0.292875989,0.588390501,0.118733509,1
4618,2016,POTTAWATOMIE,SOUTH ROCK CREEK,63C032,2115,60886.02673,25712.1504,0.019128587,0.049715909,0.098522167,,0,0,0.205333333,0.699333333,0.095333333,0.3772
4619,2016,POTTAWATOMIE,McLOUD,63I001,10499,63550.65359,25193.8192,0.05767039,0.125811063,0.272017837,60.93548387,1.741935484,0,0.13370294,0.694172254,0.172124807,0.5908
4620,2016,POTTAWATOMIE,DALE,63I002,3146,67048.46356,21340.4264,0.111660777,0.194329404,0.380434783,769,1,0,0.190049751,0.697512438,0.112437811,0.368
4621,2016,POTTAWATOMIE,BETHEL,63I003,5510,73617.83272,20115.2216,0.063149788,0.06693416,0.249196141,224.1666667,1.166666667,0,0.150630915,0.76997897,0.079390116,0.5212
4622,2016,POTTAWATOMIE,MACOMB,63I004,2015,56123.44371,29965.5354,0.085918854,0.235528942,0.105990783,49.5,1,0,0.146396396,0.648648649,0.204954955,0.862
4623,2016,POTTAWATOMIE,EARLSBORO,63I005,1376,63646.69421,27960.2197,0.04974271,0.213970588,0.318181818,250,2,0,0.152698048,0.655568312,0.191733639,0.72
4624,2016,POTTAWATOMIE,TECUMSEH,63I092,9759,57287.55042,15020.4404,0.070108953,0.161249869,0.26762002,76.75862069,2,3,0.146721833,0.752068746,0.101209421,0.619
4625,2016,POTTAWATOMIE,SHAWNEE,63I093,26895,45005.58861,30745.8776,0.080003203,0.254518789,0.478407557,52.2,1.8,3,0.169863349,0.673509406,0.156627244,0.8759
4626,2016,POTTAWATOMIE,ASHER,63I112,939,46801.3624,21185.0561,0.038123167,0.245202559,0.30952381,51.4,1.4,0,0.112094395,0.713864307,0.174041298,0.7004
4627,2016,POTTAWATOMIE,WANETTE,63I115,1674,50933.53846,49980.0472,0.068115942,0.164960867,0.279329609,177,2,0,0.087646077,0.749582638,0.162771285,0.8079
4628,2016,POTTAWATOMIE,MAUD,63I117,1753,49436.289,23201.1711,0.063291139,0.1816609,0.31627907,35.88888889,1.888888889,0,0.116402116,0.738095238,0.145502646,0.8947
4629,2016,PUSHMATAHA,ALBION,64C002,481,46870.44335,35853.3438,0.10106383,0.125523013,0.307692308,,0,0,0.109510086,0.775216138,0.115273775,0.9452
4630,2016,PUSHMATAHA,TUSKAHOMA,64C004,647,44311.82796,40096.379,0.099502488,0.220496894,0.230769231,,0,0,0.112033195,0.753112033,0.134854772,0.9175
4631,2016,PUSHMATAHA,NASHOBA,64C015,458,40056.31068,72412.2547,0.081395349,0.176855895,0.193548387,,0,0,0.086253369,0.654986523,0.258760108,0.8065
4632,2016,PUSHMATAHA,RATTAN,64I001,2054,51491.57895,13080.3006,0.10273224,0.160175268,0.377358491,499,1,0,0.15379538,0.693729373,0.152475248,0.6513
4633,2016,PUSHMATAHA,CLAYTON,64I010,1464,40543.15476,27642.669,0.132786885,0.212765957,0.357615894,59.4,1,0,0.112403101,0.674418605,0.213178295,0.8114
4634,2016,PUSHMATAHA,ANTLERS,64I013,5664,51170.44877,21178.0403,0.102040816,0.305201892,0.315789474,113.7777778,2.777777778,1,0.144879053,0.651569738,0.203551209,0.7344
4635,2016,PUSHMATAHA,MOYERS,64I022,627,50661.90476,17304.788,0.069230769,0.200956938,0.454545455,69.33333333,3,0,0.102345416,0.680170576,0.217484009,0.7452
4636,2016,ROGER MILLS,LEEDEY,65I003,882,63184.82143,148190.134,0.015384615,0.0861678,0.197916667,,0,0,0.264705882,0.650735294,0.084558824,0.309
4637,2016,ROGER MILLS,REYDON,65I006,574,69802.01613,352747.1917,0.025454545,0.083623693,0.151515152,,0,0,0.199124726,0.67833698,0.122538293,0.5
4638,2016,ROGER MILLS,CHEYENNE,65I007,1915,69155.08607,204514.832,0.006696429,0.124207188,0.32748538,177.5,1,0,0.198529412,0.718137255,0.083333333,0.3577
4639,2016,ROGER MILLS,SWEETWATER,65I015,676,68059.50413,492395.6738,0,0.170118343,0.172413793,138,1,0,0.197826087,0.7,0.102173913,0.8551
4640,2016,ROGER MILLS,HAMMON,65I066,1150,60811.27596,256067.0176,0.035211268,0.27510917,0.156862745,43.5,1.166666667,0,0.18914956,0.69941349,0.11143695,0.5785
4641,2016,ROGERS,JUSTUS-TIAWAH,66C009,4088,81369.54351,58810.2463,0.030421982,0.05745151,0.172764228,,0,0,0.23828125,0.7046875,0.05703125,0.3507
4642,2016,ROGERS,CLAREMORE,66I001,23128,57918.72151,40598.5211,0.063785823,0.143434619,0.384965831,108.5135135,2.513513514,0,0.210529806,0.697831709,0.091638486,0.5651
4643,2016,ROGERS,CATOOSA,66I002,11694,68714.42419,82258.8051,0.045892917,0.100843955,0.266860044,162.1538462,4.615384615,0,0.171188885,0.706645694,0.122165421,0.6869
4644,2016,ROGERS,CHELSEA,66I003,6770,55575.79075,28723.4161,0.089923469,0.170203294,0.322081575,72.53846154,1.538461538,0,0.149967112,0.684499013,0.165533874,0.7561
4645,2016,ROGERS,OOLOGAH-TALALA,66I004,9385,79126.85291,74705.0221,0.063082593,0.072873194,0.21263877,139.0769231,3.153846154,0,0.262519685,0.657165354,0.080314961,0.4574
4646,2016,ROGERS,INOLA,66I005,6489,70677.47671,29687.2616,0.050739958,0.090937403,0.303827751,341,2.5,0,0.174855491,0.725915222,0.099229287,0.5103
4647,2016,ROGERS,SEQUOYAH,66I006,5983,70051.23826,27996.8496,0.031746032,0.06820848,0.201438849,150.6666667,2,0,0.170702754,0.740503324,0.088793922,0.4277
4648,2016,ROGERS,FOYIL,66I007,3117,51557.31394,22834.1609,0.105423988,0.166504382,0.274576271,65.75,2.75,0,0.099858691,0.731512011,0.168629298,0.7719
4649,2016,ROGERS,VERDIGRIS,66I008,5948,82096.65583,93960.0803,0.048049922,0.049474754,0.223129252,183.1428571,1.142857143,0,0.264260475,0.680969207,0.054770318,0.2777
4650,2016,SEMINOLE,JUSTICE,67C054,321,61600,8099.5719,0.094488189,0.152647975,0.114285714,,0,0,0.213592233,0.645631068,0.140776699,0.9412
4651,2016,SEMINOLE,SEMINOLE,67I001,8533,49847.20598,28978.1865,0.104876616,0.237251872,0.444444444,81.04545455,2.636363636,0,0.150529501,0.677760968,0.171709531,0.6629
4652,2016,SEMINOLE,WEWOKA,67I002,4081,37665.28765,22633.0038,0.149134487,0.337057728,0.532258065,34.66666667,1.761904762,1,0.127247092,0.676771237,0.195981671,0.8462
4653,2016,SEMINOLE,BOWLEGS,67I003,1423,56574.0458,29264.107,0.041269841,0.10719323,0.25984252,69.5,3.5,0,0.146853147,0.673326673,0.17982018,0.9388
4654,2016,SEMINOLE,KONAWA,67I004,3746,50305.36659,64482.041,0.050632911,0.198161665,0.230994152,65.72727273,2.181818182,0,0.1404,0.7096,0.15,0.7455
4655,2016,SEMINOLE,NEW LIMA,67I006,1353,60783.13253,24060.8784,0.047839506,0.157580284,0.36440678,164.5,1.5,0,0.129787234,0.753191489,0.117021277,0.8298
4656,2016,SEMINOLE,VARNUM,67I007,1712,56891.39579,23798.7227,0.058655222,0.19380356,0.299319728,95.66666667,1.333333333,0,0.142713568,0.696482412,0.16080402,0.7178
4657,2016,SEMINOLE,SASAKWA,67I010,912,48655.39773,26950.0755,0.037572254,0.235745614,0.273972603,71.33333333,5.333333333,1,0.071312804,0.735818476,0.19286872,1.0187
4658,2016,SEMINOLE,STROTHER,67I014,2292,67781.36646,34109.046,0.039215686,0.104870557,0.202643172,108.25,1.5,0,0.133418858,0.753046825,0.113534317,0.6928
4659,2016,SEMINOLE,BUTNER,67I015,1598,50513.05057,98669.6569,0.065079365,0.201886792,0.269503546,80,2,0,0.134048257,0.673815907,0.192135836,0.8458
4660,2016,SEQUOYAH,LIBERTY,68C001,2499,47254.74286,28140.721,0.172874881,0.29329494,0.43877551,288,1,0,0.077019411,0.711333751,0.211646838,0.6771
4661,2016,SEQUOYAH,MARBLE CITY,68C035,696,42682.42188,26258.0986,0.128027682,0.358789625,0.23943662,67.5,1,0,0.10403397,0.643312102,0.252653928,0.8296
4662,2016,SEQUOYAH,BRUSHY,68C036,1564,47389.01515,9563.8172,0.034862385,0.220371557,0.208955224,,0,0,0.137681159,0.626811594,0.235507246,0.8635
4663,2016,SEQUOYAH,BELFONTE,68C050,820,45717.89474,8847.068,0.155339806,0.352439024,0.231884058,,0,0,0.072859745,0.564663024,0.362477231,1
4664,2016,SEQUOYAH,MOFFETT,68C068,137,40173.07692,3138.151,0.15,0.328467153,0.727272727,,0,0,0.031914894,0.638297872,0.329787234,0.8874
4665,2016,SEQUOYAH,SALLISAW,68I001,11730,43281.92334,27559.9138,0.085420945,0.263858672,0.381278539,38.20754717,2.41509434,0,0.132460531,0.693877551,0.173661918,0.801
4666,2016,SEQUOYAH,VIAN,68I002,4424,44682.65419,21714.0463,0.144300955,0.257003936,0.488549618,242.75,1,0,0.192330737,0.630017975,0.177651288,0.7796
4667,2016,SEQUOYAH,MULDROW,68I003,8088,47894.16472,19811.9513,0.074241995,0.239990083,0.285101822,164.7777778,1.555555556,0,0.128181312,0.697566413,0.174252276,0.7154
4668,2016,SEQUOYAH,GANS,68I004,1670,48200.65253,14065.1928,0.090128755,0.16996997,0.29375,72.83333333,1.666666667,0,0.118454936,0.672103004,0.20944206,0.8673
4669,2016,SEQUOYAH,ROLAND,68I005,5250,49038.02743,23483.9378,0.114811569,0.291075248,0.498461538,49.61904762,2.761904762,0,0.104758962,0.745982695,0.149258344,0.7908
4670,2016,SEQUOYAH,GORE,68I006,2712,52593.67418,40245.2975,0.089622642,0.182024169,0.202479339,112.25,1.25,0,0.175763645,0.634952429,0.189283926,0.6771
4671,2016,SEQUOYAH,CENTRAL,68I007,2108,49928.32215,17567.7105,0.06090134,0.211933174,0.278481013,168.3333333,1.333333333,1,0.156601124,0.673455056,0.16994382,0.6515
4672,2016,STEPHENS,GRANDVIEW,69C082,802,59342.35669,28523.6141,0.064516129,0.139386189,0.169230769,141,3,0,0.089928058,0.757194245,0.152877698,0.5816
4673,2016,STEPHENS,DUNCAN,69I001,23769,55669.13412,45480.8675,0.074367965,0.178010246,0.354435484,79.57446809,1.787234043,1,0.190931832,0.656973108,0.152095059,0.554
4674,2016,STEPHENS,COMANCHE,69I002,5337,60595.20179,30940.4287,0.106720978,0.112577786,0.331337325,73.21428571,2.285714286,0,0.117725932,0.71171896,0.170555109,0.6263
4675,2016,STEPHENS,MARLOW,69I003,7390,64094.4464,30628.7651,0.030472637,0.139368014,0.271049596,80.05555556,1.888888889,0,0.182810639,0.690948789,0.126240572,0.4802
4676,2016,STEPHENS,VELMA-ALMA,69I015,2325,65611.78378,90862.9747,0.043165468,0.106988783,0.264808362,80.83333333,1.333333333,0,0.135463259,0.730990415,0.133546326,0.4598
4677,2016,STEPHENS,EMPIRE,69I021,2071,71088.80952,27212.5208,0.032051282,0.11781889,0.248803828,,0,0,0.121170865,0.771272975,0.107556161,0.594
4678,2016,STEPHENS,CENTRAL HIGH,69I034,1824,75038.82682,33027.8323,0.026682135,0.073076923,0.136094675,137.6666667,1,0,0.248905109,0.660583942,0.090510949,0.4334
4679,2016,STEPHENS,BRAY-DOYLE,69I042,2390,64699.88701,117831.2153,0.057438795,0.132605959,0.196850394,182.5,1.5,0,0.152605459,0.729528536,0.117866005,0.5397
4680,2016,TEXAS,OPTIMA,70C009,645,46719.41176,91969.6804,0.052795031,0.314728682,0.43956044,,0,0,0.089347079,0.4604811,0.450171821,0.8551
4681,2016,TEXAS,STRAIGHT,70C080,236,76949.42529,276805.3922,0.024193548,0.093220339,0.178571429,,0,0,0.282208589,0.558282209,0.159509202,0.4146
4682,2016,TEXAS,YARBROUGH,70I001,383,72014.70588,136716.9558,0,0.093994778,0.272727273,,0,0,0.304166667,0.570833333,0.125,0.9451
4683,2016,TEXAS,GUYMON,70I008,13147,57774.88279,46316.847,0.040652655,0.105643549,0.300070274,79.42105263,2.131578947,0,0.168145897,0.473069909,0.358784195,0.7628
4684,2016,TEXAS,HARDESTY,70I015,497,59634.88372,197399.5767,0.035856574,0.142857143,0.272727273,,0,0,0.151419558,0.61829653,0.230283912,0.7033
4685,2016,TEXAS,HOOKER,70I023,2661,65490.54945,45430.8192,0.017804154,0.134063444,0.190311419,681,2,0,0.225865209,0.585306618,0.188828172,0.6167
4686,2016,TEXAS,TYRONE,70I053,1235,66190.54441,31535.3853,0.044850498,0.198380567,0.378378378,,0,0,0.149560117,0.636363636,0.214076246,0.6296
4687,2016,TEXAS,GOODWELL,70I060,1546,52301.88235,152603.0074,0.009302326,0.259541985,0.56626506,,0,0,0.423802612,0.46298984,0.113207547,0.3556
4688,2016,TEXAS,TEXHOMA,70I061,1023,59072.5,81741.4675,0.026666667,0.059628543,0.103703704,,0,0,0.2,0.539534884,0.260465116,0.4557
4689,2016,TILLMAN,TIPTON,71I008,1455,55689.43894,31889.0269,0.052892562,0.235208181,0.190839695,133,2.5,0,0.163853029,0.59980139,0.236345581,0.718
4690,2016,TILLMAN,DAVIDSON,71I009,489,47133.77778,70043.3783,0.133333333,0.234624146,0.742857143,,0,0,0.153623188,0.55942029,0.286956522,0.9692
4691,2016,TILLMAN,FREDERICK,71I158,4355,47854.7763,23808.2188,0.069373073,0.248549323,0.42074364,172.6,1.2,0,0.161212539,0.584567689,0.254219773,0.7567
4692,2016,TILLMAN,GRANDFIELD,71I249,1134,45514.43966,26026.3535,0.090322581,0.210758377,0.336283186,41.16666667,1.166666667,0,0.178335535,0.655217966,0.166446499,0.8583
4693,2016,TULSA,KEYSTONE,72C015,3369,57792.53272,50152.1776,0.069601428,0.146901073,0.505119454,297,1,0,0.112157534,0.752568493,0.135273973,0.7306
4694,2016,TULSA,TULSA,72I001,284835,58190.81156,60320.1754,0.083731585,0.233904411,0.500624918,64.97138315,2.678855326,42,0.259335449,0.590282097,0.150382454,0.8817
4695,2016,TULSA,SAND SPRINGS,72I002,25729,63027.69479,32375.2511,0.059181287,0.111080474,0.289774583,103.0196078,2.549019608,4,0.173399368,0.701414166,0.125186467,0.5837
4696,2016,TULSA,BROKEN ARROW,72I003,104198,78767.8022,44984.5117,0.055548614,0.079203133,0.295742924,216.8735632,2.643678161,4,0.294223005,0.642281436,0.063495559,0.4518
4697,2016,TULSA,BIXBY,72I004,30689,100478.3167,65795.6227,0.040498239,0.061467044,0.18816568,167.9444444,1.777777778,1,0.418664384,0.528001612,0.053334005,0.2178
4698,2016,TULSA,JENKS,72I005,68943,101403.1736,66782.7273,0.042706929,0.090746135,0.250834196,155.1066667,1.706666667,1,0.495665897,0.451341399,0.052992704,0.3702
4699,2016,TULSA,COLLINSVILLE,72I006,13321,73019.41887,30123.8285,0.057029927,0.076987257,0.193960511,246.5454545,1.727272727,0,0.261293577,0.662145499,0.076560924,0.4185
4700,2016,TULSA,SKIATOOK,72I007,12709,63900.51546,33632.1615,0.05852122,0.163469161,0.356527502,93.96296296,1.37037037,0,0.164889052,0.704303053,0.130807895,0.5097
4701,2016,TULSA,SPERRY,72I008,5602,62479.51864,25344.9564,0.077232796,0.092032229,0.189627229,171,1.428571429,0,0.149406688,0.738133765,0.112459547,0.5564
4702,2016,TULSA,UNION,72I009,81141,71735.71203,50043.6596,0.049577326,0.124141947,0.36059885,115.9855072,2.028985507,5,0.334943825,0.563326815,0.101729361,0.6634
4703,2016,TULSA,BERRYHILL,72I010,3883,71314.51727,32175.8742,0.057059961,0.052414149,0.219465649,209.6666667,1.833333333,0,0.24346469,0.696449473,0.060085837,0.3068
4704,2016,TULSA,OWASSO,72I011,48829,84896.08951,52132.6506,0.045192972,0.063339652,0.209519506,202.3125,5.208333333,0,0.323324533,0.603676962,0.072998505,0.3051
4705,2016,TULSA,GLENPOOL,72I013,12096,66988.03295,29838.1889,0.067887591,0.125240365,0.340350877,179.6666667,1.4,0,0.21724372,0.67970129,0.10305499,0.5477
4706,2016,TULSA,LIBERTY,72I014,3572,66415.84967,29656.7268,0.07030303,0.088177478,0.191815857,540,1,0,0.172242875,0.698058653,0.129698472,0.5833
4707,2016,WAGONER,OKAY,73I001,2598,60608.96686,32683.9155,0.070781893,0.139876352,0.233050847,387,1,0,0.170212766,0.728593669,0.101193565,0.7235
4708,2016,WAGONER,COWETA,73I017,16245,71330.7107,30031.8108,0.055868721,0.09869727,0.303543099,298.3636364,1.818181818,0,0.219567691,0.667899128,0.112533182,0.4059
4709,2016,WAGONER,WAGONER,73I019,13733,49278.004,28480.6866,0.087475848,0.189703704,0.411409396,90.34615385,2.769230769,0,0.145367412,0.692651757,0.161980831,0.7212
4710,2016,WAGONER,PORTER CONSOLIDATED,73I365,3571,53204.38799,33024.3571,0.101542416,0.144463182,0.211538462,139.75,1.25,0,0.124947938,0.726364015,0.148688047,0.6297
4711,2016,WASHINGTON,COPAN,74I004,2233,76742.68689,64302.1791,0.047406082,0.104885701,0.165919283,216,3,0,0.157470552,0.714817111,0.127712337,0.6852
4712,2016,WASHINGTON,DEWEY,74I007,5664,56118.48583,24163.9675,0.058629232,0.148282098,0.341246291,140.4444444,1.777777778,0,0.11627907,0.765800274,0.117920657,0.5775
4713,2016,WASHINGTON,CANEY VALLEY,74I018,5099,74346.65083,41487.6338,0.055872757,0.073941562,0.195698925,198.25,1,0,0.156935271,0.722589168,0.120475561,0.6721
4714,2016,WASHINGTON,BARTLESVILLE,74I030,39046,69233.3396,47300.9712,0.050622587,0.149955448,0.322420411,55.95412844,1.871559633,0,0.314045518,0.59472867,0.091225811,0.4975
4715,2016,WASHITA,SENTINEL,75I001,1836,56916.2726,116081.6086,0.031177829,0.150191152,0.150537634,117,2.333333333,0,0.164,0.6696,0.1664,0.6838
4716,2016,WASHITA,BURNS FLAT-DILL CITY,75I010,3387,62368.9769,26069.3444,0.021352313,0.148917235,0.348785872,211,1,0,0.164289228,0.700442696,0.135268077,0.793
4717,2016,WASHITA,CANUTE,75I011,1147,62078.125,50098.5551,0.020332717,0.167844523,0.261538462,221.5,1.5,0,0.160602258,0.744040151,0.095357591,0.6117
4718,2016,WASHITA,CORDELL,75I078,4655,64849.32503,58396.0191,0.048941176,0.132984769,0.322519084,149.8,3.6,0,0.227272727,0.651199495,0.121527778,0.6462
4719,2016,WOODS,ALVA,76I001,7514,69748.49558,157499.5037,0.027522936,0.166490884,0.254758419,203.8,1.2,0,0.302842488,0.584526608,0.112630904,0.5074
4720,2016,WOODS,WAYNOKA,76I003,1787,61447.24187,240476.3888,0.042093288,0.109915014,0.471204188,131,1,0,0.175394846,0.673316708,0.151288446,0.2977
4721,2016,WOODS,FREEDOM,76I006,467,72086.24339,271924.6071,0.004048583,0.077586207,0.229166667,39,1.5,0,0.199386503,0.67791411,0.122699387,0.5
4722,2016,WOODWARD,WOODWARD,77I001,14625,70805.66283,54937.383,0.043241031,0.130770823,0.23540146,95,4.612903226,0,0.192671395,0.676337847,0.130990759,0.5895
4723,2016,WOODWARD,MOORELAND,77I002,2817,64094.69388,85726.1755,0.123204837,0.13283208,0.230769231,180,1,0,0.171768707,0.72675737,0.101473923,0.5537
4724,2016,WOODWARD,SHARON-MUTUAL,77I003,1323,69992.03883,121316.1228,0,0.076515152,0.141509434,,0,0,0.201025641,0.747692308,0.051282051,0.4091
4725,2016,WOODWARD,FORT SUPPLY,77I005,1631,62387.06294,216964.8541,0.057507987,0.247741935,0.376811594,73.5,2,0,0.094100075,0.639283047,0.266616878,0.517